Zeit;Gesamtwärmebedarf_Gebäude_kW;Gesamtheizlast_Gebäude_kW;Gesamtstrombedarf_Wärmepumpen_Gebäude_kW;Wärmeerzeugung_Heizentrale Haupteinspeisung_1_kW;Massenstrom_Heizentrale Haupteinspeisung_1_kg/s;Delta p_Heizentrale Haupteinspeisung_1_bar;Vorlauftemperatur_Heizentrale Haupteinspeisung_1_°C;Rücklauftemperatur_Heizentrale Haupteinspeisung_1_°C;Vorlaufdruck_Heizentrale Haupteinspeisung_1_bar;Rücklaufdruck_Heizentrale Haupteinspeisung_1_bar
2021-06-16 16:00:00;116.17600521851458;197.99009340056713;81.81408818205256;106.77620694618666;2.1564604522910393;1.1641556773213235;5.0;-6.789182773442121;3.6641556773213235;2.5
2021-06-16 17:00:00;125.6693088003711;214.16882204006907;88.49951323969798;116.09181096416555;2.226266169344436;1.1641556773213235;5.0;-7.41581431413465;3.6641556773213235;2.5
2021-06-16 18:00:00;130.5847435932226;222.5458306307033;91.9610870374807;120.8857341385101;2.2633741731256993;1.1641556773213235;5.0;-7.716553009120048;3.6641556773213235;2.5
2021-06-16 19:00:00;129.666800951184;220.9814495083558;91.31464855717182;119.97475124429342;2.249038641173618;1.1641556773213235;5.0;-7.701167707825903;3.6641556773213235;2.5
2021-06-16 20:00:00;146.8826671473517;250.32116513844448;103.43849799109277;136.88828010537222;2.4493155685283283;1.1641556773213235;5.0;-8.306757227579055;3.6641556773213235;2.5
2021-06-16 21:00:00;145.970646715907;248.7668767975317;102.79623008162469;135.99833116477578;2.4349708905096747;1.1641556773213235;5.019999999999982;-8.278128189308518;3.6641556773213235;2.5
2021-06-16 22:00:00;126.02464143599899;214.7743889261391;88.74974749014011;116.31838519900506;2.12471606081153;1.1641556773213235;5.160000000000025;-7.874613956009114;3.6641556773213235;2.5
2021-06-16 23:00:00;93.74859369980555;159.76873010811934;66.02013640831379;84.39845792691301;1.6365157963756694;1.1641556773213235;5.139999999999986;-7.139057116028255;3.6641556773213235;2.5
2021-06-17 00:00:00;66.80683617607198;113.85390390570015;47.04706772962816;57.94329567330831;1.2522385427553298;1.1641556773213235;5.0400000000000205;-5.977088444669164;3.6641556773213235;2.5
2021-06-17 01:00:00;66.70476767467959;113.67995617797509;46.9751885032955;57.81271338060908;1.2507827133291438;1.1641556773213235;5.0;-6.005054363639601;3.6641556773213235;2.5
2021-06-17 02:00:00;62.02762869911023;105.70905736045546;43.68142866134522;53.26657868860724;1.1863897633094915;1.1641556773213235;5.0;-5.690010254306458;3.6641556773213235;2.5
2021-06-17 03:00:00;65.93625189948976;112.37023211039804;46.43398021090827;57.063457056784905;1.239913563679114;1.1641556773213235;5.0;-5.957648817195093;3.6641556773213235;2.5
2021-06-17 04:00:00;114.64093915214511;195.37399489309234;80.73305574094724;104.9067079553572;1.9491598721331704;1.1641556773213235;5.0;-7.814642844602872;3.6641556773213235;2.5
2021-06-17 05:00:00;168.5691320642937;287.2797884475992;118.71065638330546;158.34628324084812;2.731492819506928;1.1641556773213235;5.0;-8.802524297512662;3.6641556773213235;2.5
2021-06-17 06:00:00;180.28899763593867;307.25308047814895;126.96408284221027;169.96941788417524;2.8899651643656874;1.1641556773213235;5.0;-9.003251499027726;3.6641556773213235;2.5
2021-06-17 07:00:00;172.55580764809105;294.0739820481551;121.51817440006401;162.27134630495706;2.7672075569299937;1.1641556773213235;5.0;-8.962102241935668;3.6641556773213235;2.5
2021-06-17 08:00:00;155.08408182150978;264.29822394933353;109.21414212782378;144.89783896940006;2.4924041942295885;1.1641556773213235;5.0;-8.841850189779791;3.6641556773213235;2.5
2021-06-17 09:00:00;150.49099925885182;256.4705762017052;105.9795769428534;140.3321771370294;2.4201620731073166;1.1641556773213235;5.0;-8.805861805348002;3.6641556773213235;2.5
2021-06-17 10:00:00;144.28883679189013;245.90069368758742;101.61185689569727;134.17101842938243;2.3229523646979393;1.1641556773213235;5.0;-8.752103170044279;3.6641556773213235;2.5
2021-06-17 11:00:00;140.9505963934093;240.21157976904965;99.26098337564035;130.85550213933328;2.2706303919238677;1.1641556773213235;5.0;-8.72133133104876;3.6641556773213235;2.5
2021-06-17 12:00:00;141.2207777206245;240.67202963655726;99.45125191593274;131.12382621544617;2.2748650839649343;1.1641556773213235;5.0;-8.723872612397315;3.6641556773213235;2.5
2021-06-17 13:00:00;129.7410733287265;221.10802637712538;91.36695304839891;119.73047542335223;2.095586268956376;1.1641556773213235;5.0;-8.603475302105323;3.6641556773213235;2.5
2021-06-17 14:00:00;133.04929357973887;226.74597919927336;93.69668561953449;123.0131168769274;2.1472508228631315;1.1641556773213235;5.0;-8.640156538673864;3.6641556773213235;2.5
2021-06-17 15:00:00;119.8704488411321;204.2862578841829;84.4158090430508;109.9463036417708;1.9431154280562497;1.1641556773213235;5.0;-8.472020738091203;3.6641556773213235;2.5
2021-06-17 16:00:00;117.70899822341073;200.60265894412248;82.89366072071176;107.804334022379;1.9096353633043235;1.1641556773213235;5.0;-8.44115168266626;3.6641556773213235;2.5
2021-06-17 17:00:00;126.38482084176462;215.38821580075376;89.00339495898913;116.40282205570357;2.043586714419775;1.1641556773213235;5.0;-8.561919069423652;3.6641556773213235;2.5
2021-06-17 18:00:00;132.56897122024523;225.9274016570377;93.35843043679246;122.53647137739698;2.1397496172142367;1.1641556773213235;5.0;-8.634936580073031;3.6641556773213235;2.5
2021-06-17 19:00:00;133.05529760923258;226.75621141855132;93.70091380931873;123.01907502325501;2.147344587933742;1.1641556773213235;5.0;-8.640221565977015;3.6641556773213235;2.5
2021-06-17 20:00:00;147.72314166226965;251.75352311457226;104.0303814523026;137.58121590044604;2.376627932143439;1.1641556773213235;5.0;-8.783155501208682;3.6641556773213235;2.5
2021-06-17 21:00:00;148.28752043467475;252.71535172669923;104.42783129202448;138.14212573488345;2.38550474179768;1.1641556773213235;5.0;-8.78785032011433;3.6641556773213235;2.5
2021-06-17 22:00:00;136.59167098100454;232.78298857326126;96.19131759225674;126.53034606526896;2.2028503842471174;1.1641556773213235;5.0;-8.676041318157672;3.6641556773213235;2.5
2021-06-17 23:00:00;103.45543220543688;176.31137037827978;72.8559381728429;93.74132862960562;1.6990738595468793;1.1641556773213235;5.0;-8.136194070681654;3.6641556773213235;2.5
2021-06-18 00:00:00;94.6414216718275;161.2903101731145;66.64888850128699;85.0400224726089;1.5657551115880548;1.1641556773213235;5.0;-7.93153970783095;3.6641556773213235;2.5
2021-06-18 01:00:00;77.53586101410464;132.13858003812197;54.60271902401735;68.2544041090656;1.3180402399160103;1.1641556773213235;5.0;-7.329705956801547;3.6641556773213235;2.5
2021-06-18 02:00:00;72.4462556708641;123.46474557992336;51.018489909059255;63.27466439928119;1.2448759891368502;1.1641556773213235;5.0;-7.101925345984796;3.6641556773213235;2.5
2021-06-18 03:00:00;76.82079249480637;130.9199421390362;54.09914964422985;67.55396893954675;1.3076849461002111;1.1641556773213235;5.0;-7.299811485103021;3.6641556773213235;2.5
2021-06-18 04:00:00;133.29017409233018;227.15649387566123;93.86631978333105;123.253736572072;2.151290829249018;1.1641556773213235;5.0;-8.641171782199024;3.6641556773213235;2.5
2021-06-18 05:00:00;195.64835526054543;333.4288871341689;137.78053187362346;185.2628846320845;3.1337814932944816;1.1641556773213235;5.0;-9.075713549611464;3.6641556773213235;2.5
2021-06-18 06:00:00;210.8050036793965;359.2592316226335;148.454227943237;200.3586807218029;3.3743799914001826;1.1641556773213235;5.0;-9.137248298200916;3.6641556773213235;2.5
2021-06-18 07:00:00;189.38800047884598;322.75983180197693;133.37183132313095;179.02881842033568;3.034403852772562;1.1641556773213235;5.0;-9.047539884564571;3.6641556773213235;2.5
2021-06-18 08:00:00;166.793237364157;284.2532636769437;117.46002631278667;156.53861439585083;2.6767809616407234;1.1641556773213235;5.0;-8.923850774414348;3.6641556773213235;2.5
2021-06-18 09:00:00;175.8437614662556;299.6773963016468;123.83363483539125;165.54419282392863;2.819400939571724;1.1641556773213235;5.0;-8.980020880494067;3.6641556773213235;2.5
2021-06-18 10:00:00;168.36358391634147;286.92948808277913;118.56590416643769;158.09970607597165;2.7010070131560644;1.1641556773213235;5.0;-8.93657512831146;3.6641556773213235;2.5
2021-06-18 11:00:00;164.5779270494684;280.47787567585453;115.89994862638616;154.33269587865297;2.641088812345889;1.1641556773213235;5.0;-8.913155740669367;3.6641556773213235;2.5
2021-06-18 12:00:00;166.4427135801873;283.6558921577841;117.21317857759678;156.18824556847653;2.670604074226458;1.1641556773213235;5.0;-8.924818686227525;3.6641556773213235;2.5
2021-06-18 13:00:00;153.8869516383916;262.2580443414842;108.37109270309261;143.7046849120329;2.4731212590129816;1.1641556773213235;5.0;-8.83490641424794;3.6641556773213235;2.5
2021-06-18 14:00:00;162.71314051874933;277.29985919392493;114.5867186751756;152.4772496882676;2.6115735504653217;1.1641556773213235;5.0;-8.9012386084882;3.6641556773213235;2.5
2021-06-18 15:00:00;142.15141535108492;242.25804588001796;100.10663052893304;132.04805218251084;2.2892989698509196;1.1641556773213235;5.0;-8.733467248471584;3.6641556773213235;2.5
2021-06-18 16:00:00;137.67873186763111;234.63558529554038;96.95685342790927;127.60809153340271;2.219448966101009;1.1641556773213235;5.0;-8.68937939127261;3.6641556773213235;2.5
2021-06-18 17:00:00;150.4448080798088;256.3918560233362;105.94704794352737;140.28104970520212;2.418611559050704;1.1641556773213235;5.0;-8.809679278519411;3.6641556773213235;2.5
2021-06-18 18:00:00;154.5389258765753;263.36915536712127;108.83022949054596;144.35053568355272;2.483005732185639;1.1641556773213235;5.0;-8.841762311397304;3.6641556773213235;2.5
2021-06-18 19:00:00;163.54037664891806;278.709655979142;115.16927933022393;153.30032937426765;2.6246667869386564;1.1641556773213235;5.0;-8.90655705481663;3.6641556773213235;2.5
2021-06-18 20:00:00;172.86430930251285;294.59973838878955;121.73542908627671;162.57841896949586;2.7721047500736113;1.1641556773213235;5.0;-8.963811206146374;3.6641556773213235;2.5
2021-06-18 21:00:00;172.78018359436004;294.4563692241911;121.67618562983108;162.5283393496784;2.7707693282524883;1.1641556773213235;5.0400000000000205;-8.926237918149411;3.6641556773213235;2.5
2021-06-18 22:00:00;149.2530272143117;254.36079285819318;105.10776564388149;139.25121429859294;2.400723360716797;1.1641556773213235;5.180000000000007;-8.630442121734177;3.6641556773213235;2.5
2021-06-18 23:00:00;112.34287276229894;191.45757189067848;79.11469912837954;102.83045808397823;1.83150555463313;1.1641556773213235;5.399999999999977;-7.9679323761873775;3.6641556773213235;2.5
2021-06-19 00:00:00;123.14734142610412;209.87082130364226;86.72347987753814;113.65569375967286;1.9946563320204627;1.1641556773213235;5.560000000000002;-8.006687670541112;3.6641556773213235;2.5
2021-06-19 01:00:00;117.43512555274255;200.13591819551897;82.70079264277642;108.0571164802786;1.9061762364082224;1.1641556773213235;5.639999999999986;-7.857117624724708;3.6641556773213235;2.5
2021-06-19 02:00:00;113.31831372213624;193.1199431039223;79.80162938178607;104.01030867202688;1.842687946178399;1.1641556773213235;5.680000000000007;-7.759258263443314;3.6641556773213235;2.5
2021-06-19 03:00:00;124.64233542421053;212.41862797647144;87.77629255226091;115.3180535561839;2.017910567731985;1.1641556773213235;5.779999999999973;-7.826489731107756;3.6641556773213235;2.5
2021-06-19 04:00:00;190.8683382059965;325.28266088627583;134.4143226802793;181.16585627812987;3.0579029156259736;1.1641556773213235;5.779999999999973;-8.325983373392717;3.6641556773213235;2.5
2021-06-19 05:00:00;293.5543438669733;500.2827550408983;206.728411173925;283.21796351285076;4.670713506236647;1.1641556773213235;5.519999999999982;-8.91737629494935;3.6641556773213235;2.5
2021-06-19 06:00:00;334.6443654716428;570.3094115784336;235.66504610679075;323.90956599109614;5.324492688490737;1.1641556773213235;5.199999999999989;-9.284257890461276;3.6641556773213235;2.5
2021-06-19 07:00:00;323.9897440672281;552.1515356638677;228.16179159663955;313.14004191917405;5.154968083806334;1.1641556773213235;5.0400000000000205;-9.423164781196249;3.6641556773213235;2.5
2021-06-19 08:00:00;287.73056127733514;490.35771710644445;202.6271558291093;276.9492443263663;4.578051889854178;1.1641556773213235;5.0;-9.403571181514678;3.6641556773213235;2.5
2021-06-19 09:00:00;285.72236038435653;486.93529023249494;201.2129298481384;274.9470054135919;4.546099608342983;1.1641556773213235;5.0;-9.39994244679184;3.6641556773213235;2.5
2021-06-19 10:00:00;265.7630748424739;452.9201698019626;187.1570949594887;255.04824175570752;4.228529432656704;1.1641556773213235;5.0;-9.360967048642294;3.6641556773213235;2.5
2021-06-19 11:00:00;253.3010726343784;431.6821097008421;178.3810370664637;242.62534859717218;4.030247774612224;1.1641556773213235;5.0;-9.333595196325632;3.6641556773213235;2.5
2021-06-19 12:00:00;269.4336198079739;459.1756055882372;189.74198578026326;258.7074725564171;4.286931102752169;1.1641556773213235;5.0;-9.368557786196448;3.6641556773213235;2.5
2021-06-19 13:00:00;248.07975031263385;422.78379982857314;174.70404951593932;237.42075844345018;3.9471718426831144;1.1641556773213235;5.0;-9.321330376110382;3.6641556773213235;2.5
2021-06-19 14:00:00;226.23498726567678;385.5554008330548;159.320413567378;215.66585963473347;3.5996020249113236;1.1641556773213235;5.019999999999982;-9.245192052727305;3.6641556773213235;2.5
2021-06-19 15:00:00;210.10244009208128;358.06190494565965;147.95946485357837;199.57804805705666;3.343511990140917;1.1641556773213235;5.0;-9.212176600785881;3.6641556773213235;2.5
2021-06-19 16:00:00;215.70308924916625;367.60667322745235;151.90358397828612;205.1568075500027;3.432417382571584;1.1641556773213235;5.0;-9.231037049427982;3.6641556773213235;2.5
2021-06-19 17:00:00;224.0705929699108;381.86678520224234;157.79619223233158;213.49164601070328;3.5651645659492552;1.1641556773213235;5.0;-9.257783434108717;3.6641556773213235;2.5
2021-06-19 18:00:00;235.78509817895323;401.83094196694844;166.04584378799524;225.4439520469114;3.7515528747645686;1.1641556773213235;5.319999999999993;-8.987976784975842;3.6641556773213235;2.5
2021-06-19 19:00:00;281.5274518523566;479.7862207624669;198.25876891011032;271.24221646537495;4.479354842519595;1.1641556773213235;5.5400000000000205;-8.877585206193885;3.6641556773213235;2.5
2021-06-19 20:00:00;289.45984537962244;493.3048069145678;203.84496153494536;279.20576270105386;4.60556635448882;1.1641556773213235;5.600000000000023;-8.834177564954075;3.6641556773213235;2.5
2021-06-19 21:00:00;278.06888364778223;473.89204114622044;195.82315749843818;267.82871554974673;4.424325913250312;1.1641556773213235;5.579999999999984;-8.833210746201871;3.6641556773213235;2.5
2021-06-19 22:00:00;228.68945502376178;389.7383670123264;161.04891198856467;218.57881294178077;3.638654813425007;1.1641556773213235;5.560000000000002;-8.742696237613416;3.6641556773213235;2.5
2021-06-19 23:00:00;163.05475583824173;277.8820486820739;114.82729284383218;153.24419114226578;2.5998091852522194;1.1641556773213235;5.600000000000023;-8.434380824448908;3.6641556773213235;2.5
2021-06-20 00:00:00;114.53737015947084;195.19748999008408;80.66011983061324;105.10184182098806;1.8515879913016464;1.1641556773213235;5.600000000000023;-7.915019631891425;3.6641556773213235;2.5
2021-06-20 01:00:00;111.29750982495086;189.6760378706909;78.37852804574004;101.82778259223329;1.801853348835299;1.1641556773213235;5.519999999999982;-7.935429187219654;3.6641556773213235;2.5
2021-06-20 02:00:00;106.59348183925366;181.65931412041823;75.06583228116456;97.23560445604366;1.7299796773302873;1.1641556773213235;5.600000000000023;-7.782431422560592;3.6641556773213235;2.5
2021-06-20 03:00:00;118.53527473892649;202.0108203297198;83.4755455907933;109.05217185150983;1.9102190101602154;1.1641556773213235;5.600000000000023;-7.992579009885503;3.6641556773213235;2.5
2021-06-20 04:00:00;177.87040919869227;303.13126074706713;125.26085154837483;168.02138685256207;2.8319470398601694;1.1641556773213235;5.639999999999986;-8.48635601749396;3.6641556773213235;2.5
2021-06-20 05:00:00;273.7266615959793;466.49191624103514;192.76525464505585;263.5163814978338;4.355237256897043;1.1641556773213235;5.600000000000023;-8.806102789317094;3.6641556773213235;2.5
2021-06-20 06:00:00;314.9621916869366;536.7665520298497;221.8043603429131;304.567903862426;5.011331609975121;1.1641556773213235;5.519999999999982;-8.950438843429879;3.6641556773213235;2.5
2021-06-20 07:00:00;305.08684816729397;519.9367412428531;214.84989307555918;294.5940483602933;4.854206016981607;1.1641556773213235;5.3799999999999955;-9.069621594222895;3.6641556773213235;2.5
2021-06-20 08:00:00;266.93541589477394;454.91810314461475;187.98268724984084;256.4103613555216;4.247182432693299;1.1641556773213235;5.220000000000027;-9.154255639947792;3.6641556773213235;2.5
2021-06-20 09:00:00;270.7152529517139;461.3597972839068;190.64454433219288;260.1788808040986;4.307323038213426;1.1641556773213235;5.220000000000027;-9.161868279398561;3.6641556773213235;2.5
2021-06-20 10:00:00;248.16084062294047;422.9219959912084;174.76115536826796;237.501587222192;3.9484620624175095;1.1641556773213235;5.0;-9.321524700947066;3.6641556773213235;2.5
2021-06-20 11:00:00;237.51706869062332;404.7826100220482;167.26554133142488;226.89262313122555;3.779110082587483;1.1641556773213235;5.0;-9.294913867524713;3.6641556773213235;2.5
2021-06-20 12:00:00;235.20139928486074;400.836187513636;165.63478822877525;224.58466137790663;3.7422657006342197;1.1641556773213235;5.0;-9.288813970170224;3.6641556773213235;2.5
2021-06-20 13:00:00;211.92009521436813;361.15959888645835;149.23950367209022;201.3912355426517;3.3726954210771765;1.1641556773213235;5.0;-9.217202619947045;3.6641556773213235;2.5
2021-06-20 14:00:00;244.28754605635095;416.32102919462625;172.03348313827533;233.64084574578138;3.8868344639037526;1.1641556773213235;5.0;-9.312102383887918;3.6641556773213235;2.5
2021-06-20 15:00:00;211.23474014360428;359.9915993996636;148.7568592560593;200.71114784682237;3.362150164247166;1.1641556773213235;5.0;-9.21363300281331;3.6641556773213235;2.5
2021-06-20 16:00:00;203.89313355224024;347.47984732142345;143.58671376918323;193.3986763259297;3.245608599730293;1.1641556773213235;5.0;-9.187571443750983;3.6641556773213235;2.5
2021-06-20 17:00:00;222.53271464346875;379.24589396985516;156.7131793263864;211.9590919562957;3.5406955392755552;1.1641556773213235;5.0;-9.25325897298427;3.6641556773213235;2.5
2021-06-20 18:00:00;228.90859363512016;390.11182858943016;161.20323495430998;218.31306436596898;3.642141505729834;1.1641556773213235;5.0;-9.27163138986839;3.6641556773213235;2.5
2021-06-20 19:00:00;240.31040981237294;409.5430927788328;169.23268296645983;229.67673282678368;3.8235546509526315;1.1641556773213235;5.0;-9.302119723515602;3.6641556773213235;2.5
2021-06-20 20:00:00;254.1836579114711;433.18623390546486;179.0025759939938;243.57507371146727;4.0442904997847435;1.1641556773213235;5.079999999999984;-9.259737754368473;3.6641556773213235;2.5
2021-06-20 21:00:00;255.65820973038723;435.69920249826566;180.0409927678784;245.23748337910175;4.067751944795342;1.1641556773213235;5.300000000000011;-9.054335708629822;3.6641556773213235;2.5
2021-06-20 22:00:00;213.51925704615044;363.8849310223128;150.36567397616233;203.53928728285499;3.398833035588169;1.1641556773213235;5.639999999999986;-8.618345308497965;3.6641556773213235;2.5
2021-06-20 23:00:00;151.9515265225327;258.95964379192196;107.00811726938927;142.33160559662826;2.4304673715630316;1.1641556773213235;5.720000000000027;-8.223193773966614;3.6641556773213235;2.5
2021-06-21 00:00:00;84.08911862771551;143.30680780216306;59.21768917444754;75.37553308953233;1.4410305912183905;1.1641556773213235;5.759999999999991;-6.693972599106246;3.6641556773213235;2.5
2021-06-21 01:00:00;79.01227058545302;134.6547146597157;55.64244407426267;70.38768499637847;1.3675100100195663;1.1641556773213235;5.759999999999991;-6.495100507780251;3.6641556773213235;2.5
2021-06-21 02:00:00;75.38813508540419;128.47837106104092;53.09023597563673;66.93968562460856;1.3150269445252245;1.1641556773213235;5.899999999999977;-6.219919255772993;3.6641556773213235;2.5
2021-06-21 03:00:00;86.45168797268407;147.33315837598272;60.88147040329866;77.58246287284157;1.4632932954840088;1.1641556773213235;5.680000000000007;-6.943590244506822;3.6641556773213235;2.5
2021-06-21 04:00:00;131.05760887412913;223.35169963055813;92.29409075642899;121.44544183327919;2.10416656546075;1.1641556773213235;5.560000000000002;-8.182059142805713;3.6641556773213235;2.5
2021-06-21 05:00:00;218.7020503025255;372.71757868458565;154.01552838206018;208.50318886746882;3.4797462259749468;1.1641556773213235;5.420000000000016;-8.846447370916337;3.6641556773213235;2.5
2021-06-21 06:00:00;229.36037284908252;390.88176217942237;161.52138933033982;218.91895868216938;3.6493297191580347;1.1641556773213235;5.180000000000007;-9.103050752404613;3.6641556773213235;2.5
2021-06-21 07:00:00;221.42397485530475;377.3563515139701;155.93237665866533;210.85420715738658;3.5230544925267258;1.1641556773213235;5.0;-9.24995916555207;3.6641556773213235;2.5
2021-06-21 08:00:00;197.40069692038185;336.4152722164254;139.01457529604357;186.9261411733582;3.1417060287377656;1.1641556773213235;5.0;-9.166259886121793;3.6641556773213235;2.5
2021-06-21 09:00:00;194.4341049920718;331.3595310428266;136.9254260507548;183.97189772030026;3.0946139841960356;1.1641556773213235;5.0;-9.154538502781122;3.6641556773213235;2.5
2021-06-21 10:00:00;184.11220008686945;313.7686790212846;129.65647893441513;173.69416592914234;2.930762798290531;1.1641556773213235;5.0;-9.110918091622807;3.6641556773213235;2.5
2021-06-21 11:00:00;180.59510656361533;307.77475907320354;127.17965250958822;170.1925907112151;2.8749320238338423;1.1641556773213235;5.0;-9.09495774908595;3.6641556773213235;2.5
2021-06-21 12:00:00;182.04781910582892;310.2505086169761;128.20268951114718;171.6388628952134;2.897992561109432;1.1641556773213235;5.0;-9.101622093807919;3.6641556773213235;2.5
2021-06-21 13:00:00;167.6889025043696;285.77967891589753;118.09077641152793;157.34741325184527;2.6707240899831923;1.1641556773213235;5.0;-9.027532818676036;3.6641556773213235;2.5
2021-06-21 14:00:00;172.91102180085343;294.6793470127221;121.76832521186863;162.5433331734123;2.7529539187708543;1.1641556773213235;5.0;-9.057915517160723;3.6641556773213235;2.5
2021-06-21 15:00:00;153.64346597780897;261.8430899058435;108.1996239280345;143.38396321030694;2.449904913552665;1.1641556773213235;5.0;-8.934842397654961;3.6641556773213235;2.5
2021-06-21 16:00:00;149.92758021193612;255.51038317808838;105.58280296615224;139.6902217810315;2.3914597482605857;1.1641556773213235;5.0;-8.907646423370693;3.6641556773213235;2.5
2021-06-21 17:00:00;161.55692640513087;275.3294097890259;113.772483383895;151.24982685584382;2.5738027688751917;1.1641556773213235;5.0;-8.991695079589817;3.6641556773213235;2.5
2021-06-21 18:00:00;168.52994660775641;287.21300759913424;118.68306099137781;158.1832752913019;2.6836116216700376;1.1641556773213235;5.0;-9.03432757893978;3.6641556773213235;2.5
2021-06-21 19:00:00;167.40600585141217;285.2975592678996;117.89155341648743;157.06480571964423;2.665822236549933;1.1641556773213235;5.0;-9.028085519535182;3.6641556773213235;2.5
2021-06-21 20:00:00;188.0880449392437;320.54441461476745;132.45636967552372;177.65276322059015;2.993875847676355;1.1641556773213235;5.0;-9.12826687189198;3.6641556773213235;2.5
2021-06-21 21:00:00;188.7150050890412;321.61289599681663;132.89789090777546;178.2770309520082;3.003828290079505;1.1641556773213235;5.0;-9.130938266883106;3.6641556773213235;2.5
2021-06-21 22:00:00;160.79234085659726;274.026383713356;113.23404285675872;150.49742319040396;2.5632491658916527;1.1641556773213235;5.0;-8.979413427322527;3.6641556773213235;2.5
2021-06-21 23:00:00;119.0841991840943;202.94631128556915;83.86211210147484;109.10892677485313;1.9172055910678238;1.1641556773213235;5.0;-8.55009395956614;3.6641556773213235;2.5
2021-06-22 00:00:00;55.526726466883375;94.63005496468855;39.10332849780518;47.23453472071551;1.1108609313765891;1.1641556773213235;5.0;-5.123965541492225;3.6641556773213235;2.5
2021-06-22 01:00:00;55.551693520150856;94.67260444983455;39.1209109296837;47.25863772436084;1.1111776848472634;1.1641556773213235;5.0;-5.126244213215045;3.6641556773213235;2.5
2021-06-22 02:00:00;51.556964997353454;87.86468682647563;36.30772182912217;43.416385548555496;1.0623085239847228;1.1641556773213235;5.0;-4.73091566246967;3.6641556773213235;2.5
2021-06-22 03:00:00;54.43816294442109;92.77489741232324;38.33673446790216;46.276954189834;1.0972120419149984;1.1641556773213235;5.1200000000000045;-4.922108548973199;3.6641556773213235;2.5
2021-06-22 04:00:00;95.74864928079934;163.1772755348834;67.42862625408404;86.0502538507206;1.5642372931318371;1.1641556773213235;5.0;-8.09785655200858;3.6641556773213235;2.5
2021-06-22 05:00:00;138.5172115279986;236.06454358996945;97.54733206197085;128.37344868357658;2.215377944311067;1.1641556773213235;5.0;-8.796791156069787;3.6641556773213235;2.5
2021-06-22 06:00:00;79.11559839400182;134.83080853062285;55.71521013662101;69.85775278703632;1.3551510701947231;1.1641556773213235;5.0;-7.273759471139783;3.6641556773213235;2.5
2021-06-22 07:00:00;136.61971547966982;232.83078271887393;96.21106723920411;126.48974272495336;2.1857447036443576;1.1641556773213235;5.0;-8.778647323490645;3.6641556773213235;2.5
2021-06-22 08:00:00;121.63449010852625;207.29258173424896;85.6580916257227;111.62715444210245;1.953629145863541;1.1641556773213235;5.0;-8.60437008787477;3.6641556773213235;2.5
2021-06-22 09:00:00;125.59426475674913;214.04093007840342;88.4466653216543;115.55142345095882;2.0142467375914355;1.1641556773213235;5.0;-8.658824991668041;3.6641556773213235;2.5
2021-06-22 10:00:00;119.64211925778105;203.8971328195987;84.25501356181765;109.65035418813473;1.9220502214718975;1.1641556773213235;5.0;-8.583009900572904;3.6641556773213235;2.5
2021-06-22 11:00:00;115.84712716112354;197.42961107740774;81.5824839162842;105.89037625283271;1.8635249427935685;1.1641556773213235;5.0;-8.529196077256586;3.6641556773213235;2.5
2021-06-22 12:00:00;116.34646822647322;198.28060078032763;81.93413255385443;106.3850476624848;1.8712256373565066;1.1641556773213235;5.0;-8.536461208791536;3.6641556773213235;2.5
2021-06-22 13:00:00;106.85898798482947;182.11179642485024;75.25280844002076;96.99456461896412;1.7262647569426275;1.1641556773213235;5.0;-8.377984960891922;3.6641556773213235;2.5
2021-06-22 14:00:00;109.60536384425266;186.79223979090946;77.1868759466568;99.71203977941272;1.7682271170624342;1.1641556773213235;5.0;-8.42642108762709;3.6641556773213235;2.5
2021-06-22 15:00:00;99.36887200458443;169.34695088105235;69.9780788764679;89.60064344998605;1.6133922356708823;1.1641556773213235;5.0;-8.222752697108433;3.6641556773213235;2.5
2021-06-22 16:00:00;97.87084880853544;166.79398177229277;68.92313296375733;88.12189463096112;1.5907334725404114;1.1641556773213235;5.0;-8.189766762155784;3.6641556773213235;2.5
2021-06-22 17:00:00;105.16122836264059;179.2184314349227;74.05720307228212;95.31503855994272;1.7003243888685649;1.1641556773213235;5.0;-8.346898361604701;3.6641556773213235;2.5
2021-06-22 18:00:00;109.96488941130438;187.40495237701174;77.44006296570734;100.0678342263042;1.7737203714781182;1.1641556773213235;5.0;-8.432599184690957;3.6641556773213235;2.5
2021-06-22 19:00:00;110.56409868972402;188.42614002051556;77.86204133079156;100.66085102585161;1.7828757955042582;1.1641556773213235;5.0;-8.44281489058568;3.6641556773213235;2.5
2021-06-22 20:00:00;123.07758578738675;209.75194197568732;86.67435618830056;113.0556140590032;1.9751004627315287;1.1641556773213235;5.0;-8.628675530840894;3.6641556773213235;2.5
2021-06-22 21:00:00;117.17038098430012;199.6847337901453;82.51435280584518;107.2001094708767;1.8836000612471218;1.1641556773213235;5.0;-8.550559969404958;3.6641556773213235;2.5
2021-06-22 22:00:00;113.33044819176122;193.14062297469167;79.81017478293045;103.39635964764268;1.8243817200581283;1.1641556773213235;5.0;-8.493985714624444;3.6641556773213235;2.5
2021-06-22 23:00:00;77.39786512919893;131.90340395257846;54.50553882337951;68.07331464043564;1.3040225584793446;1.1641556773213235;5.0;-7.429180731464555;3.6641556773213235;2.5
2021-06-23 00:00:00;71.49439616887396;121.8425624849824;50.34816631610843;62.29549785308986;1.21915883047854;1.1641556773213235;5.0;-7.165979544905497;3.6641556773213235;2.5
2021-06-23 01:00:00;71.35278486827833;121.60122491636169;50.24844004808335;62.15701435673315;1.2171231353683685;1.1641556773213235;5.0;-7.1592373873301085;3.6641556773213235;2.5
2021-06-23 02:00:00;66.45432124313086;113.25313901998359;46.79881777685273;57.389790986325806;1.147255082136407;1.1641556773213235;5.019999999999982;-6.8903729954107575;3.6641556773213235;2.5
2021-06-23 03:00:00;70.02035126721982;119.33045779343097;49.31010652621114;60.994267022712975;1.198118290402513;1.1641556773213235;5.180000000000007;-6.9410440117214875;3.6641556773213235;2.5
2021-06-23 04:00:00;125.51267046879201;213.90187502427938;88.38920455548737;115.66600467454705;2.012977560051411;1.1641556773213235;5.240000000000009;-8.440989529663625;3.6641556773213235;2.5
2021-06-23 05:00:00;181.03073717956337;308.5171718130588;127.48643463349539;170.64316319778453;2.8818472777230615;1.1641556773213235;5.019999999999982;-9.078361452034414;3.6641556773213235;2.5
2021-06-23 06:00:00;193.55690040497336;329.86457674650393;136.30767634153057;183.0983728191277;3.0806891308673263;1.1641556773213235;5.0;-9.151006096141657;3.6641556773213235;2.5
2021-06-23 07:00:00;173.89224025408566;296.3515643766812;122.45932412259553;163.5200298832836;2.768529900982571;1.1641556773213235;5.0;-9.062821006406011;3.6641556773213235;2.5
2021-06-23 08:00:00;154.63310337308536;263.5296550442722;108.89655167118687;144.36844329988233;2.4656133127681215;1.1641556773213235;5.0;-8.94113128077396;3.6641556773213235;2.5
2021-06-23 09:00:00;161.72654215746442;275.61847325427044;113.89193109680602;151.4190433095698;2.5765728381491697;1.1641556773213235;5.0;-8.992289538704654;3.6641556773213235;2.5
2021-06-23 10:00:00;154.3305701399947;263.0140702385826;108.68350009858786;144.06570881030146;2.4602455788382054;1.1641556773213235;5.0;-8.942250129658191;3.6641556773213235;2.5
2021-06-23 11:00:00;150.5714337969118;256.6076547806525;106.03622098374072;140.32890758887538;2.4011201485182734;1.1641556773213235;5.0;-8.915024071009611;3.6641556773213235;2.5
2021-06-23 12:00:00;150.85465639810292;257.09032991789377;106.23567351979084;140.61043075492339;2.405574804227309;1.1641556773213235;5.0;-8.917120320031415;3.6641556773213235;2.5
2021-06-23 13:00:00;138.36067755919194;235.79777443186236;97.43709687267042;128.20437003008044;2.210456041189925;1.1641556773213235;5.0;-8.80929972745804;3.6641556773213235;2.5
2021-06-23 14:00:00;143.09178237454466;243.8606432016888;100.76886082714414;132.89860282593787;2.2839032543011872;1.1641556773213235;5.0;-8.85458180979208;3.6641556773213235;2.5
2021-06-23 15:00:00;128.9306523149856;219.72688633962332;90.79623402463774;118.84261279346354;2.0627485512191437;1.1641556773213235;5.0;-8.717551842271916;3.6641556773213235;2.5
2021-06-23 16:00:00;126.24647448096916;215.1524424253136;88.90596794434447;116.180375447567;2.0209968758793617;1.1641556773213235;5.0;-8.68730178870095;3.6641556773213235;2.5
2021-06-23 17:00:00;136.20432366375917;232.12286145513886;95.91853779137969;126.06109235029403;2.1763416487112837;1.1641556773213235;5.0;-8.791284018050249;3.6641556773213235;2.5
2021-06-23 18:00:00;141.92027070598115;241.86412331582704;99.94385260984588;131.73499721817842;2.2655415444450053;1.1641556773213235;5.0;-8.844581930110394;3.6641556773213235;2.5
2021-06-23 19:00:00;140.5685264730232;239.56044652444803;98.99192005142483;130.39296260554588;2.2444313227871744;1.1641556773213235;5.0;-8.832431922647345;3.6641556773213235;2.5
2021-06-23 20:00:00;158.14120150147605;269.5082448123747;111.36704331089867;147.85416559579286;2.5201809465597815;1.1641556773213235;5.0;-8.968589362187686;3.6641556773213235;2.5
2021-06-23 21:00:00;158.5531616486633;270.2103177392713;111.657156090608;148.41368002564946;2.5266604457729254;1.1641556773213235;5.180000000000007;-8.80549240813707;3.6641556773213235;2.5
2021-06-23 22:00:00;137.62043666971505;234.53623714134542;96.91580047163038;127.77099528191329;2.199753584671651;1.1641556773213235;5.360000000000014;-8.469578801597265;3.6641556773213235;2.5
2021-06-23 23:00:00;103.44061820777928;176.2861239879055;72.84550578012625;94.01835334680834;1.6801113200119961;1.1641556773213235;5.4599999999999795;-7.863713708012369;3.6641556773213235;2.5
2021-06-24 00:00:00;129.7638758559476;221.14688702210788;91.38301116616029;120.02069548879571;2.07705748861808;1.1641556773213235;5.420000000000016;-8.338095876187538;3.6641556773213235;2.5
2021-06-24 01:00:00;122.54571660323917;208.8455170280555;86.29980042481631;113.03880414130148;1.96478093307445;1.1641556773213235;5.639999999999986;-8.058219752117452;3.6641556773213235;2.5
2021-06-24 02:00:00;119.50710440169578;203.66703707894635;84.15993267725058;109.99302740600389;1.9177139622033275;1.1641556773213235;5.600000000000023;-8.056268121946232;3.6641556773213235;2.5
2021-06-24 03:00:00;131.95260801644622;224.87697985901397;92.92437184256775;122.3896974448709;2.111238970536923;1.1641556773213235;5.660000000000025;-8.14251338678622;3.6641556773213235;2.5
2021-06-24 04:00:00;199.34925949052487;339.736061948641;140.38680245811614;189.44625659435556;3.172637750242785;1.1641556773213235;5.680000000000007;-8.537271280540267;3.6641556773213235;2.5
2021-06-24 05:00:00;333.57209501387143;568.482021079978;234.90992606610664;323.0747752266319;5.30743190157313;1.1641556773213235;5.4599999999999795;-9.03336834775979;3.6641556773213235;2.5
2021-06-24 06:00:00;349.1027795995373;594.9498074865354;245.84702788699812;338.38375328723123;5.55453905488524;1.1641556773213235;5.259999999999991;-9.244814802881649;3.6641556773213235;2.5
2021-06-24 07:00:00;339.02064103043176;577.7675713335527;238.74693030312096;328.20175166842904;5.39412316675309;1.1641556773213235;5.1200000000000045;-9.366742662534705;3.6641556773213235;2.5
2021-06-24 08:00:00;299.97272791174817;511.22112784959904;211.24839993785088;289.15551408575396;4.772835766296708;1.1641556773213235;5.0;-9.424663731142232;3.6641556773213235;2.5
2021-06-24 09:00:00;299.32076514053574;510.11003636626515;210.78927122572944;288.50544448064534;4.76246245251449;1.1641556773213235;5.0;-9.423583005704074;3.6641556773213235;2.5
2021-06-24 10:00:00;277.4567279202352;472.84878983589385;195.39206191565864;266.7061473196911;4.414585965317982;1.1641556773213235;5.0;-9.384466436134176;3.6641556773213235;2.5
2021-06-24 11:00:00;263.56759245494317;449.1785730570158;185.61098060207266;252.85956966185347;4.193597334207527;1.1641556773213235;5.0;-9.356328146291958;3.6641556773213235;2.5
2021-06-24 12:00:00;264.3941881113017;450.5872783305283;186.1930902192266;253.68359741508107;4.206749214181412;1.1641556773213235;5.0;-9.35808351108318;3.6641556773213235;2.5
2021-06-24 13:00:00;258.43338563164576;440.4287276257626;181.99534199411679;247.74141944532127;4.111907488172566;1.1641556773213235;5.0;-9.345179802452435;3.6641556773213235;2.5
2021-06-24 14:00:00;273.4750981389026;466.06319541981986;192.5880972809173;262.73659349735726;4.35123465614801;1.1641556773213235;5.0;-9.376685407369848;3.6641556773213235;2.5
2021-06-24 15:00:00;221.6789844045486;377.7909452528222;156.11196084827358;211.1083288292772;3.5271119237000543;1.1641556773213235;5.0;-9.250720959193757;3.6641556773213235;2.5
2021-06-24 16:00:00;220.61954490132837;375.9854215924047;155.36587669107635;210.05258288352152;3.510255288803951;1.1641556773213235;5.0;-9.247544870507852;3.6641556773213235;2.5
2021-06-24 17:00:00;226.25436599537807;385.5884265555035;159.33406056012544;215.94422507061338;3.599910357921687;1.1641556773213235;5.319999999999993;-8.962381107168085;3.6641556773213235;2.5
2021-06-24 18:00:00;244.83530497493066;417.2545338305157;172.41922885558503;234.53516187187142;3.8955498007148868;1.1641556773213235;5.399999999999977;-8.934742992463043;3.6641556773213235;2.5
2021-06-24 19:00:00;293.1271188140183;499.5546672745945;206.42754846057625;282.93410138899833;4.663915971583424;1.1641556773213235;5.680000000000007;-8.763927087435263;3.6641556773213235;2.5
2021-06-24 20:00:00;303.10447765203617;516.55833515347;213.45385750143387;292.99182465820877;4.8226647200005734;1.1641556773213235;5.800000000000011;-8.665023447026215;3.6641556773213235;2.5
2021-06-24 21:00:00;294.50089751050143;501.8958957573334;207.394998246832;284.42866734967794;4.685774025624525;1.1641556773213235;5.819999999999993;-8.632491926284672;3.6641556773213235;2.5
2021-06-24 22:00:00;240.87695957828416;410.5086212531321;169.63166167484798;230.93694248747383;3.8325689670371372;1.1641556773213235;5.800000000000011;-8.546770215866161;3.6641556773213235;2.5
2021-06-24 23:00:00;171.023805519816;291.46310518165825;120.43929966184227;161.60089533984203;2.7269549456700823;1.1641556773213235;6.100000000000023;-8.009658728845864;3.6641556773213235;2.5
2021-06-25 00:00:00;121.94242089031697;207.81736517927257;85.8749442889556;112.85312813404839;1.9667025845765262;1.1641556773213235;6.100000000000023;-7.562356791306229;3.6641556773213235;2.5
2021-06-25 01:00:00;111.72290967938095;190.4010150873957;78.67810540801474;102.60911379709928;1.809824298546323;1.1641556773213235;5.9599999999999795;-7.538957550677651;3.6641556773213235;2.5
2021-06-25 02:00:00;110.00478224872143;187.47293876190554;77.4681565131841;100.85919913387615;1.783572727141892;1.1641556773213235;5.899999999999977;-7.564040275137529;3.6641556773213235;2.5
2021-06-25 03:00:00;122.53372448658286;208.82507975882436;86.29135527224149;113.28648450228093;1.9727045771429368;1.1641556773213235;5.920000000000016;-7.753092673413846;3.6641556773213235;2.5
2021-06-25 04:00:00;190.70098813158165;324.99745864677993;134.2964705151983;181.00684404171665;3.0360694351184474;1.1641556773213235;5.8799999999999955;-8.314954545662033;3.6641556773213235;2.5
2021-06-25 05:00:00;295.696424819484;503.93334370644453;208.23691888696055;285.63883117719956;4.704795939848591;1.1641556773213235;5.839999999999975;-8.615301863861418;3.6641556773213235;2.5
2021-06-25 06:00:00;344.7188399514192;587.4785863960808;242.75974644466154;334.37376847290926;5.484786634071904;1.1641556773213235;5.660000000000025;-8.85520493482801;3.6641556773213235;2.5
2021-06-25 07:00:00;328.4524127182918;559.7569287170888;231.30451599879711;317.9505127045663;5.225973153831214;1.1641556773213235;5.439999999999998;-9.045819348191344;3.6641556773213235;2.5
2021-06-25 08:00:00;286.7487741741011;488.6845306347357;201.93575646063465;276.1830617995356;4.562430774448704;1.1641556773213235;5.240000000000009;-9.17290292562916;3.6641556773213235;2.5
2021-06-25 09:00:00;288.39996157499485;491.4985260644278;203.0985644894329;277.61666207863766;4.588702650357911;1.1641556773213235;5.0;-9.404769777719821;3.6641556773213235;2.5
2021-06-25 10:00:00;266.6221385578037;454.38420796470774;187.76206940690406;255.9046495206227;4.242197908636493;1.1641556773213235;5.0;-9.362761891246805;3.6641556773213235;2.5
2021-06-25 11:00:00;253.3010726343784;431.6821097008421;178.3810370664637;242.62534859717218;4.030247774612224;1.1641556773213235;5.0;-9.333595196325632;3.6641556773213235;2.5
2021-06-25 12:00:00;252.47547893393153;430.275111985996;177.79963305206445;241.80238627556568;4.017111836657621;1.1641556773213235;5.0;-9.331688803610575;3.6641556773213235;2.5
2021-06-25 13:00:00;227.99774138284687;388.5595310890771;160.56178970623023;217.40531512309926;3.6276490275711515;1.1641556773213235;5.0;-9.26906789328018;3.6641556773213235;2.5
2021-06-25 14:00:00;225.53211695313416;384.3575514271724;158.82543447403822;214.9481341843649;3.5884187263824048;1.1641556773213235;5.0;-9.262027675445722;3.6641556773213235;2.5
2021-06-25 15:00:00;214.1299985496663;364.9257721761919;150.79577362652563;203.5896066123528;3.407420098764593;1.1641556773213235;5.0;-9.225928842075803;3.6641556773213235;2.5
2021-06-25 16:00:00;217.57741008261317;370.80093830980553;153.22352822719236;207.02112636794078;3.4618521890630554;1.1641556773213235;5.0;-9.238257927083737;3.6641556773213235;2.5
2021-06-25 17:00:00;226.68125413078306;386.31594013837673;159.6346860075937;216.093328121085;3.6067025319138106;1.1641556773213235;5.0;-9.265327388250398;3.6641556773213235;2.5
2021-06-25 18:00:00;243.61708166157007;415.17840677535185;171.56132511378175;232.9725671544333;3.876166772658234;1.1641556773213235;5.0;-9.31044175848325;3.6641556773213235;2.5
2021-06-25 19:00:00;257.1501243459209;438.2417612092456;181.09163686332468;246.4622008930102;4.091489647508685;1.1641556773213235;5.0;-9.342325524110493;3.6641556773213235;2.5
2021-06-25 20:00:00;272.8921880125483;465.06978520448365;192.1775971919354;262.2435834407723;4.341960032021451;1.1641556773213235;5.100000000000023;-9.280360016628208;3.6641556773213235;2.5
2021-06-25 21:00:00;274.6549421297184;468.073915460506;193.41897333078757;264.1950650518933;4.3700070346812785;1.1641556773213235;5.319999999999993;-9.074390310565093;3.6641556773213235;2.5
2021-06-25 22:00:00;238.19493925052768;405.93785421568805;167.74291496516037;227.82872264889994;3.789895612578004;1.1641556773213235;5.300000000000011;-9.013041705949433;3.6641556773213235;2.5
2021-06-25 23:00:00;179.45506313090104;305.8318681526623;126.3768050217613;169.46708944009615;2.857451606308164;1.1641556773213235;5.480000000000018;-8.640731535914995;3.6641556773213235;2.5
2021-06-26 00:00:00;101.57532395033972;173.10724222522686;71.53191827488712;92.29332163844683;1.6794601256625845;1.1641556773213235;5.480000000000018;-7.60432397669274;3.6641556773213235;2.5
2021-06-26 01:00:00;97.64860723829409;166.41523205399415;68.76662481570007;88.44515683164184;1.6200654887214665;1.1641556773213235;5.519999999999982;-7.478468778456261;3.6641556773213235;2.5
2021-06-26 02:00:00;94.50541172633186;161.05851857586134;66.55310684952947;85.34056470944581;1.572522217852127;1.1641556773213235;5.519999999999982;-7.401395858833155;3.6641556773213235;2.5
2021-06-26 03:00:00;104.24476245760039;177.65656700520628;73.41180454760591;94.99332666684626;1.7140151363008262;1.1641556773213235;5.579999999999984;-7.615600348672729;3.6641556773213235;2.5
2021-06-26 04:00:00;156.0847116259054;266.00352263006414;109.9188110041587;146.33546361443382;2.489871938174147;1.1641556773213235;5.6200000000000045;-8.373401233561253;3.6641556773213235;2.5
2021-06-26 05:00:00;239.721044378988;408.5386812655993;168.81763688661127;229.5411347088335;3.8141773170881135;1.1641556773213235;5.519999999999982;-8.808817613250028;3.6641556773213235;2.5
2021-06-26 06:00:00;272.94780968949914;465.16457707647044;192.21676738697127;262.59869863356886;4.342845022903725;1.1641556773213235;5.439999999999998;-8.956898656276394;3.6641556773213235;2.5
2021-06-26 07:00:00;267.8549218889575;456.485148571322;188.63022668236448;257.48541977321406;4.261812599665193;1.1641556773213235;5.399999999999977;-8.984971392635146;3.6641556773213235;2.5
2021-06-26 08:00:00;234.16351028537355;399.06739076803103;164.90388048265746;223.75824035142097;3.7257519536256725;1.1641556773213235;5.240000000000009;-9.059333980191127;3.6641556773213235;2.5
2021-06-26 09:00:00;236.2407525367574;402.6074796753189;166.36672713856154;225.68994405172532;3.7588027452149135;1.1641556773213235;5.079999999999984;-9.215961934449467;3.6641556773213235;2.5
2021-06-26 10:00:00;218.32909347438698;372.0819762028285;153.75288272844153;207.7701611099293;3.473812147563833;1.1641556773213235;5.0;-9.240576023446465;3.6641556773213235;2.5
2021-06-26 11:00:00;207.79711083140617;354.1331043746499;146.33599354324375;197.27939424166598;3.306626161853111;1.1641556773213235;5.0;-9.205199512765603;3.6641556773213235;2.5
2021-06-26 12:00:00;206.35761839404378;351.6798848687225;145.3222664746787;195.84565096243819;3.283775482145245;1.1641556773213235;5.0;-9.200092895923547;3.6641556773213235;2.5
2021-06-26 13:00:00;203.2781978634836;346.4318583307256;143.15366046724202;192.77862946106228;3.2348923825170237;1.1641556773213235;5.0;-9.188933742980169;3.6641556773213235;2.5
2021-06-26 14:00:00;214.6483659763211;365.80918708640627;151.16082111008518;204.10367448769256;3.415383827298148;1.1641556773213235;5.0;-9.228594919506804;3.6641556773213235;2.5
2021-06-26 15:00:00;186.5144884663515;317.8627197806837;131.34823131433217;176.0850738758942;2.9687832011089554;1.1641556773213235;5.0;-9.121953254733455;3.6641556773213235;2.5
2021-06-26 16:00:00;178.86149069809557;304.82028696436015;125.9587962662646;168.46581354972636;2.8472985748139683;1.1641556773213235;5.0;-9.087355763401376;3.6641556773213235;2.5
2021-06-26 17:00:00;194.05815769506103;330.7188321282026;136.6606744331416;183.59658484156554;3.0885323327425867;1.1641556773213235;5.0;-9.153477403459135;3.6641556773213235;2.5
2021-06-26 18:00:00;200.78186287717148;342.17754095968667;141.39567808251516;190.29244933443243;3.195265254416039;1.1641556773213235;5.0;-9.179644700667609;3.6641556773213235;2.5
2021-06-26 19:00:00;200.51765223993414;341.72726649340893;141.2096142534748;190.02931906049284;3.1910711423177602;1.1641556773213235;5.0;-9.178648469090945;3.6641556773213235;2.5
2021-06-26 20:00:00;227.1118194846235;387.0497205301331;159.93790104550956;216.5224196267263;3.613553213756936;1.1641556773213235;5.0;-9.26655538313878;3.6641556773213235;2.5
2021-06-26 21:00:00;224.85236300066225;383.1990975081709;158.34673450750864;214.2707194895885;3.5776032299230263;1.1641556773213235;5.0;-9.260060351859977;3.6641556773213235;2.5
2021-06-26 22:00:00;192.96487229959595;328.85562744015647;135.89075514056051;182.5098558777538;3.0714172870272445;1.1641556773213235;5.0;-9.148102823241004;3.6641556773213235;2.5
2021-06-26 23:00:00;143.67592238737615;244.85614942073963;101.18022703336348;133.55735450837872;2.2988860167977854;1.1641556773213235;5.060000000000002;-8.772512742557467;3.6641556773213235;2.5
2021-06-27 00:00:00;59.276520144902854;101.0205484159612;41.744028271058355;51.040003631880154;1.180989473808168;1.1641556773213235;5.259999999999991;-5.030000111455934;3.6641556773213235;2.5
2021-06-27 01:00:00;59.71292476439311;101.76428023227558;42.051355467882466;51.55624491971046;1.186769789811725;1.1641556773213235;5.3799999999999955;-4.963452045069573;3.6641556773213235;2.5
2021-06-27 02:00:00;54.85925387445311;93.49253125082853;38.633277376375425;46.836515381774156;1.1251919542767057;1.1641556773213235;5.339999999999975;-4.570798987665398;3.6641556773213235;2.5
2021-06-27 03:00:00;57.29673333453261;97.64654554194993;40.34981220741733;49.274284322016676;1.1550934582148709;1.1641556773213235;5.4599999999999795;-4.696730067326428;3.6641556773213235;2.5
2021-06-27 04:00:00;91.17663342812678;155.38553020849776;64.20889678037098;82.07204161772661;1.5047935380009076;1.1641556773213235;5.6200000000000045;-7.365809545603668;3.6641556773213235;2.5
2021-06-27 05:00:00;150.69796592054857;256.8232940336109;106.12532811306237;140.61839683208376;2.4066238877263944;1.1641556773213235;5.180000000000007;-8.731841748539978;3.6641556773213235;2.5
2021-06-27 06:00:00;159.9689030809383;272.62306018019063;112.65415709925232;149.68139993702465;2.55078877181578;1.1641556773213235;5.0;-8.971532629518833;3.6641556773213235;2.5
2021-06-27 07:00:00;144.33284488505703;245.97569339566064;101.64284851060361;134.14431014198865;2.3057167238018064;1.1641556773213235;5.0;-8.852144598975315;3.6641556773213235;2.5
2021-06-27 08:00:00;128.6329225985188;219.21948780874328;90.58656521022449;118.55960435179355;2.060530666115204;1.1641556773213235;5.0;-8.699615196622005;3.6641556773213235;2.5
2021-06-27 09:00:00;133.79526992663483;228.01729100172975;94.22202107509491;123.68275712771596;2.1411511664392737;1.1641556773213235;5.0;-8.753478020690807;3.6641556773213235;2.5
2021-06-27 10:00:00;127.47272495158141;217.24224956537114;89.76952461378971;117.41039272270491;2.0428056537931893;1.1641556773213235;5.0;-8.684539867147805;3.6641556773213235;2.5
2021-06-27 11:00:00;123.72603163303124;210.85703982530677;87.13100819227553;113.69452034770083;1.9845268314843985;1.1641556773213235;5.0;-8.640593547461208;3.6641556773213235;2.5
2021-06-27 12:00:00;124.0027760258787;211.32867463565245;87.32589860977374;113.96895856849626;1.9888315172231164;1.1641556773213235;5.0;-8.643924128736671;3.6641556773213235;2.5
2021-06-27 13:00:00;113.89096167183709;194.09586425763786;80.20490258580075;103.94970359371851;1.8328900190747934;1.1641556773213235;5.0;-8.50322669091139;3.6641556773213235;2.5
2021-06-27 14:00:00;116.81806582695441;199.08430936706316;82.26624354010876;106.84923301830729;1.8780309790650969;1.1641556773213235;5.0;-8.546258746195917;3.6641556773213235;2.5
2021-06-27 15:00:00;105.90795033969896;180.49101395920525;74.5830636195063;96.05100215624893;1.7113334043489217;1.1641556773213235;5.0;-8.363431210751685;3.6641556773213235;2.5
2021-06-27 16:00:00;104.31134807327136;177.7700438995188;73.45869582624745;94.47325170623071;1.6870599571856153;1.1641556773213235;5.0;-8.333036127625633;3.6641556773213235;2.5
2021-06-27 17:00:00;111.76215864993361;190.46790417805587;78.70574552812226;101.84189658170854;1.8004184557371654;1.1641556773213235;5.0;-8.468019358179902;3.6641556773213235;2.5
2021-06-27 18:00:00;117.61636696016822;200.44479439690642;82.8284274367382;107.63820812160553;1.8899084202533223;1.1641556773213235;5.0;-8.560522042344928;3.6641556773213235;2.5
2021-06-27 19:00:00;121.07567187076144;206.3402295262272;85.26455765546577;111.067019246574;1.9434917644452938;1.1641556773213235;5.0;-8.606709776611353;3.6641556773213235;2.5
2021-06-27 20:00:00;131.62389084429327;224.3167717205561;92.69288087626282;121.52769347710012;2.1072406879524492;1.1641556773213235;5.0;-8.731305246251111;3.6641556773213235;2.5
2021-06-27 21:00:00;125.15765166526135;213.29684297882568;88.13919131356431;115.11359758253917;2.0066600500189526;1.1641556773213235;5.0;-8.658516510634286;3.6641556773213235;2.5
2021-06-27 22:00:00;120.7882834628044;205.85045491548362;85.06217145267921;110.78167379193395;1.938980164508786;1.1641556773213235;5.0;-8.603331009196609;3.6641556773213235;2.5
2021-06-27 23:00:00;82.97009777868881;141.39974410170908;58.42964632302028;73.54720786158539;1.3875894160436868;1.1641556773213235;5.0;-7.61990021296964;3.6641556773213235;2.5
2021-06-28 00:00:00;51.04414545928184;86.99072676863526;35.94658130935342;42.74707081818188;0.9970260797160555;1.1641556773213235;5.0;-5.208232473946509;3.6641556773213235;2.5
2021-06-28 01:00:00;51.048734109538856;86.99854686273524;35.94981275319638;42.751470281729084;0.9970822145663399;1.1641556773213235;5.0;-5.208708316070897;3.6641556773213235;2.5
2021-06-28 02:00:00;47.30898415005354;80.625170171218;33.31618602116447;39.39981965763771;0.952547600720159;1.1641556773213235;5.300000000000011;-4.548231663386048;3.6641556773213235;2.5
2021-06-28 03:00:00;49.43811786931881;84.25369383362784;34.81557596430902;41.53996386256882;0.9773788821166;1.1641556773213235;5.439999999999998;-4.679379257414723;3.6641556773213235;2.5
2021-06-28 04:00:00;89.47409136196842;152.48401485631237;63.00992349434395;80.04902384666161;1.4680617374524316;1.1641556773213235;5.240000000000009;-7.742622532712005;3.6641556773213235;2.5
2021-06-28 05:00:00;127.94992376722536;218.05550388498966;90.10558011776432;117.88189875432724;2.049864257212468;1.1641556773213235;5.0;-8.692184081104813;3.6641556773213235;2.5
2021-06-28 06:00:00;66.01232259773721;112.49987372290425;46.48755112516704;57.06262562056455;1.173878262118572;1.1641556773213235;5.0;-6.573891324086389;3.6641556773213235;2.5
2021-06-28 07:00:00;125.82079004796003;214.4269802225798;88.60619017461978;115.7701222733024;2.0167461460816822;1.1641556773213235;5.0;-8.66771662389499;3.6641556773213235;2.5
2021-06-28 08:00:00;113.12399478673815;192.78877984782133;79.6647850610832;103.189131027686;1.8209398144587017;1.1641556773213235;5.0;-8.492395808908725;3.6641556773213235;2.5
2021-06-28 09:00:00;115.63398647733743;197.06637132053285;81.43238484319542;105.67527846227912;1.859648185762558;1.1641556773213235;5.0;-8.529860528936354;3.6641556773213235;2.5
2021-06-28 10:00:00;109.6687411431891;186.90024899050536;77.23150784731628;99.77052804725052;1.7685041524156055;1.1641556773213235;5.0;-8.432192170909445;3.6641556773213235;2.5
2021-06-28 11:00:00;106.45668596326311;181.42618312049063;74.96949715722751;96.59236540000872;1.7194265959980153;1.1641556773213235;5.0;-8.375495232902551;3.6641556773213235;2.5
2021-06-28 12:00:00;106.91555098896679;182.20819253049268;75.29264154152591;97.04632793373369;1.7264376754862427;1.1641556773213235;5.0;-8.383783778434463;3.6641556773213235;2.5
2021-06-28 13:00:00;98.19711550059614;167.35001374045257;69.15289823985643;88.43650433885523;1.5945645742416739;1.1641556773213235;5.0;-8.20505352809812;3.6641556773213235;2.5
2021-06-28 14:00:00;100.72087314196659;171.65106549546414;70.93019235349756;90.92795647928104;1.632738366707207;1.1641556773213235;5.0;-8.259634175871724;3.6641556773213235;2.5
2021-06-28 15:00:00;91.3141401150403;155.6198725904208;64.3057324753805;81.64576238249767;1.490454231153857;1.1641556773213235;5.0;-8.042646213214255;3.6641556773213235;2.5
2021-06-28 16:00:00;89.93754503792914;153.27384436041447;63.33629932248533;80.28902005580623;1.4697523083222153;1.1641556773213235;5.0;-8.006568003586096;3.6641556773213235;2.5
2021-06-28 17:00:00;96.36165539778125;164.22197610044407;67.86032070266283;86.62502532438272;1.566801816084923;1.1641556773213235;5.0;-8.163761886076998;3.6641556773213235;2.5
2021-06-28 18:00:00;101.40917068052214;172.82407961046732;71.4149089299452;91.6075717543858;1.6431494010159893;1.1641556773213235;5.0;-8.274098261972256;3.6641556773213235;2.5
2021-06-28 19:00:00;104.39179334759633;177.90714077548108;73.51534742788475;94.55222861673435;1.6880685092580971;1.1641556773213235;5.0;-8.336209556347285;3.6641556773213235;2.5
2021-06-28 20:00:00;113.59662576321297;193.59424954012349;79.9976237769105;103.65723277328478;1.828228593698733;1.1641556773213235;5.0;-8.499566521666452;3.6641556773213235;2.5
2021-06-28 21:00:00;107.37441601467047;182.99020194049476;75.61578592582428;97.49934527934235;1.7331583558383727;1.1641556773213235;5.0;-8.394119325689417;3.6641556773213235;2.5
2021-06-28 22:00:00;96.26988239264048;164.06557421844366;67.79569182580316;86.53414239501693;1.5651936689900285;1.1641556773213235;5.0;-8.163461905773943;3.6641556773213235;2.5
2021-06-28 23:00:00;72.50067406118778;123.55748678033409;51.05681271914631;63.307801264190125;1.2235058166118185;1.1641556773213235;5.100000000000023;-7.21975018886701;3.6641556773213235;2.5
2021-06-29 00:00:00;44.43967245171111;75.73521643178935;31.29554398007825;36.58704998572737;0.8941006756515002;1.1641556773213235;5.319999999999993;-4.422977065984867;3.6641556773213235;2.5
2021-06-29 01:00:00;44.595237232755615;76.00033387554124;31.40509664278563;36.66053973427474;0.8959268342235135;1.1641556773213235;5.220000000000027;-4.522648175391566;3.6641556773213235;2.5
2021-06-29 02:00:00;41.3762429172964;70.51444215482908;29.138199237532685;33.82424798713301;0.85813939915647;1.1641556773213235;5.519999999999982;-3.864713469402659;3.6641556773213235;2.5
2021-06-29 03:00:00;44.88642259214659;76.49657934717939;31.610156755032797;37.31036183327305;0.8993450284736921;1.1641556773213235;5.720000000000027;-4.157654518409856;3.6641556773213235;2.5
2021-06-29 04:00:00;68.36074916770711;116.50212182102197;48.14137265331486;59.633901772270335;1.1644569974373535;1.1641556773213235;5.579999999999984;-6.613278130720005;3.6641556773213235;2.5
2021-06-29 05:00:00;112.08641916282939;191.0205171648219;78.93409800199254;102.16171804013429;1.8050456235811259;1.1641556773213235;5.0;-8.475680760204966;3.6641556773213235;2.5
2021-06-29 06:00:00;63.199189509461505;107.7056609949978;44.50647148553629;54.306795313881075;1.125744439913228;1.1641556773213235;5.0;-6.48590115305791;3.6641556773213235;2.5
2021-06-29 07:00:00;109.73300324446392;187.00976609267792;77.27676284821402;99.83254413188904;1.7690873675619085;1.1641556773213235;5.0;-8.436110505663692;3.6641556773213235;2.5
2021-06-29 08:00:00;98.9232453821412;168.58750269350827;69.66425731136705;89.15531681129627;1.6055813927905387;1.1641556773213235;5.0;-8.221040352708712;3.6641556773213235;2.5
2021-06-29 09:00:00;100.5187815979822;171.30665596275838;70.78787436477617;90.73050023619695;1.6297151160040255;1.1641556773213235;5.0;-8.25538423501007;3.6641556773213235;2.5
2021-06-29 10:00:00;95.33328889649901;162.46940783769548;67.13611894119647;85.61229095630677;1.5512805155601943;1.1641556773213235;5.0;-8.140034052293686;3.6641556773213235;2.5
2021-06-29 11:00:00;92.54110051877727;157.71088961650776;65.16978909773047;82.8577759503612;1.5090464999365938;1.1641556773213235;5.0;-8.073183559136226;3.6641556773213235;2.5
2021-06-29 12:00:00;92.93998457273753;158.39067793382026;65.45069336108274;83.25121172234161;1.5150799307399654;1.1641556773213235;5.0;-8.082951384001944;3.6641556773213235;2.5
2021-06-29 13:00:00;0.0;0.0;0.0;-3.748944835973214;1.5150799307399654;1.1641556773213235;5.0;5.5891477374999;3.6641556773213235;2.5
2021-06-29 14:00:00;0.0;0.0;0.0;-3.748944835973214;1.5150799307399654;1.1641556773213235;5.0;5.5891477374999;3.6641556773213235;2.5
2021-06-29 15:00:00;0.0;0.0;0.0;-3.748944835973214;1.5150799307399654;1.1641556773213235;5.0;5.5891477374999;3.6641556773213235;2.5
2021-06-29 16:00:00;0.0;0.0;0.0;-3.748944835973214;1.5150799307399654;1.1641556773213235;5.0;5.5891477374999;3.6641556773213235;2.5
2021-06-29 17:00:00;0.0;0.0;0.0;-3.748944835973214;1.5150799307399654;1.1641556773213235;5.0;5.5891477374999;3.6641556773213235;2.5
2021-06-29 18:00:00;0.0;0.0;0.0;-3.748944835973214;1.5150799307399654;1.1641556773213235;5.0;5.5891477374999;3.6641556773213235;2.5
2021-06-29 19:00:00;90.74612227595615;154.65184218860134;63.905719912645196;81.08855122835419;1.4820875361524988;1.1641556773213235;5.0;-8.026759513566503;3.6641556773213235;2.5
2021-06-29 20:00:00;98.9232453821412;168.58750269350827;69.66425731136705;89.15531681129627;1.6055813927905387;1.1641556773213235;5.0;-8.221040352708712;3.6641556773213235;2.5
2021-06-29 21:00:00;95.05008121818722;161.98675813240357;66.93667691421633;85.33285601156284;1.5469967796898008;1.1641556773213235;5.0;-8.13341238725377;3.6641556773213235;2.5
2021-06-29 22:00:00;90.3153274976791;153.9176708059038;63.6023433082247;80.66485031110123;1.47579319355285;1.1641556773213235;5.0;-8.013962135508791;3.6641556773213235;2.5
2021-06-29 23:00:00;62.06635879621438;105.77506217383015;43.70870337761577;53.11226519057592;1.0868728644367558;1.1641556773213235;5.0;-6.635010717542343;3.6641556773213235;2.5
2021-06-30 00:00:00;110.37625233332093;188.10600749763148;77.72975516431055;100.46911831876085;1.7789156836027535;1.1641556773213235;5.0;-8.447078390403249;3.6641556773213235;2.5
2021-06-30 01:00:00;109.91887843841666;187.32653931054105;77.4076608721244;100.01648667593581;1.7719273873644499;1.1641556773213235;5.0;-8.439291800763954;3.6641556773213235;2.5
2021-06-30 02:00:00;102.69038231677673;175.00755296239413;72.31717064561741;92.8751007573413;1.6625907750598115;1.1641556773213235;5.0;-8.30039812541537;3.6641556773213235;2.5
2021-06-30 03:00:00;124.78353002280683;212.6592553909806;87.87572536817378;114.74141698621922;2.0006118410947686;1.1641556773213235;5.0;-8.655514995737121;3.6641556773213235;2.5
2021-06-30 04:00:00;184.74922480906554;314.85431270277365;130.10508789370812;174.3294059026855;2.94100108995237;1.1641556773213235;5.0;-9.11322204102737;3.6641556773213235;2.5
2021-06-30 05:00:00;243.2035971599883;414.47373600505045;171.27013884506218;232.56043259883316;3.8695878625296456;1.1641556773213235;5.0;-9.309413182558671;3.6641556773213235;2.5
2021-06-30 06:00:00;299.2219563750078;509.9416439630413;210.71968758803357;288.40692281069715;4.760890316229238;1.1641556773213235;5.0;-9.423418813251544;3.6641556773213235;2.5
2021-06-30 07:00:00;284.764964131728;485.30367126674753;200.53870713501954;273.9924591629574;4.530866573297182;1.1641556773213235;5.0;-9.39819485861193;3.6641556773213235;2.5
2021-06-30 08:00:00;256.9844714716705;437.9594513812975;180.97497990962705;246.29707076560075;4.088853961363092;1.1641556773213235;5.0;-9.341955046627788;3.6641556773213235;2.5
2021-06-30 09:00:00;256.22881025400227;436.67163437653915;180.4428241225369;245.54379674647103;4.07683071207641;1.1641556773213235;5.0;-9.340259107639895;3.6641556773213235;2.5
2021-06-30 10:00:00;238.49065746032213;406.44182468590105;167.95116722557893;227.88035246366942;3.79460075513639;1.1641556773213235;5.019999999999982;-9.278533700448293;3.6641556773213235;2.5
2021-06-30 11:00:00;228.8460340242964;390.00521291464594;161.15917889034955;218.37174941212047;3.6411461260826785;1.1641556773213235;5.139999999999986;-9.139370250237505;3.6641556773213235;2.5
2021-06-30 12:00:00;230.77495871150163;393.2925352688971;162.51757655739547;220.39807874936744;3.671837051893421;1.1641556773213235;5.259999999999991;-9.031411163930613;3.6641556773213235;2.5
2021-06-30 13:00:00;200.68771075540488;342.01708452681675;141.32937377141187;190.42417944009773;3.19422838338547;1.1641556773213235;5.259999999999991;-8.934066579180183;3.6641556773213235;2.5
2021-06-30 14:00:00;202.09960408315303;344.4232689304438;142.3236648472908;191.89877323045346;3.2166409514383876;1.1641556773213235;5.339999999999975;-8.864315866232346;3.6641556773213235;2.5
2021-06-30 15:00:00;183.08875871234775;312.02450428442364;128.93574557207586;172.99897817503364;2.9148604576554393;1.1641556773213235;5.3799999999999955;-8.751116565335963;3.6641556773213235;2.5
2021-06-30 16:00:00;183.8841915730508;313.38010113153734;129.49590955848655;173.79106593809072;2.927487256558491;1.1641556773213235;5.3799999999999955;-8.754587650434132;3.6641556773213235;2.5
2021-06-30 17:00:00;193.7475590457699;330.18950203574866;136.44194298997874;183.52892506197463;3.084059562956338;1.1641556773213235;5.279999999999973;-8.888780536815034;3.6641556773213235;2.5
2021-06-30 18:00:00;209.61644461679782;357.23365913566954;147.61721451887175;199.40375729439359;3.335964201072231;1.1641556773213235;5.360000000000014;-8.871892852697215;3.6641556773213235;2.5
2021-06-30 19:00:00;222.08485470831965;378.4826397141786;156.39778500585894;211.84027923692923;3.5335696850965728;1.1641556773213235;5.3799999999999955;-8.893996614757555;3.6641556773213235;2.5
2021-06-30 20:00:00;240.87695604243157;410.50861522724256;169.63165918481099;230.5543673806584;3.8325689107785443;1.1641556773213235;5.360000000000014;-8.963003257948913;3.6641556773213235;2.5
2021-06-30 21:00:00;244.61549048773645;416.8799204086776;172.26442992094115;234.3856981389438;3.8920523546179213;1.1641556773213235;5.480000000000018;-8.85848096578053;3.6641556773213235;2.5
2021-06-30 22:00:00;203.9688713058054;347.6089215211613;143.6400502153559;193.96976979595678;3.2468229306719514;1.1641556773213235;5.579999999999984;-8.644144497245179;3.6641556773213235;2.5
2021-06-30 23:00:00;145.40512693653594;247.80310365240626;102.39797671587031;135.76452580455654;2.3257053464824313;1.1641556773213235;5.660000000000025;-8.238960650889624;3.6641556773213235;2.5
2021-07-01 00:00:00;121.13730172030164;206.44526067826052;85.30795895795889;111.69629356845998;1.9498057756264149;1.1641556773213235;5.680000000000007;-7.959489606596378;3.6641556773213235;2.5
2021-07-01 01:00:00;111.19467227095059;189.50077950401436;78.30610723306377;102.0199249327446;1.7971778627592627;1.1641556773213235;5.899999999999977;-7.615890007695896;3.6641556773213235;2.5
2021-07-01 02:00:00;103.99066531373275;177.22352821072764;73.23286289699487;95.1343394517199;1.6876539782470752;1.1641556773213235;6.199999999999989;-7.221609817385399;3.6641556773213235;2.5
2021-07-01 03:00:00;116.3419627380925;198.27292241280554;81.93095967471304;107.37947755937525;1.8758534344507818;1.1641556773213235;6.220000000000027;-7.409285639539917;3.6641556773213235;2.5
2021-07-01 04:00:00;187.6671308565015;319.8270821638969;132.1599513073954;178.15522242761895;2.988047101067483;1.1641556773213235;6.079999999999984;-8.115863942927888;3.6641556773213235;2.5
2021-07-01 05:00:00;292.16372642982503;497.91282954942017;205.74910311959513;282.2043005679233;4.648587532694113;1.1641556773213235;5.939999999999998;-8.514175523780807;3.6641556773213235;2.5
2021-07-01 06:00:00;346.9581732402974;591.2949149588168;244.33674171851933;336.752567544087;5.520416439781979;1.1641556773213235;5.819999999999993;-8.704118537651254;3.6641556773213235;2.5
2021-07-01 07:00:00;322.9154874258269;550.3207602609161;227.40527283508928;312.3563523301606;5.137875694921668;1.1641556773213235;5.360000000000014;-9.114962901908712;3.6641556773213235;2.5
2021-07-01 08:00:00;283.1669665962308;482.58032335413975;199.41335675790899;272.416927863771;4.505440995962303;1.1641556773213235;5.019999999999982;-9.376187489532185;3.6641556773213235;2.5
2021-07-01 09:00:00;282.33108181951553;481.1557873262166;198.8247055067011;271.5658448014989;4.492141317732942;1.1641556773213235;5.0;-9.393699998106626;3.6641556773213235;2.5
2021-07-01 10:00:00;261.5109517889607;445.6735938938626;184.16264210490186;250.80933859098585;4.160874332362141;1.1641556773213235;5.0;-9.351913664844744;3.6641556773213235;2.5
2021-07-01 11:00:00;261.6319351119063;445.87977674000933;184.24784162810303;250.92994404981633;4.162799285790076;1.1641556773213235;5.0;-9.352175224423888;3.6641556773213235;2.5
2021-07-01 12:00:00;265.6133862852085;452.6650667677495;187.05168048254106;254.8990164918651;4.226147753145717;1.1641556773213235;5.0;-9.360653144864159;3.6641556773213235;2.5
2021-07-01 13:00:00;244.14434570430876;416.0769835242445;171.9326378199357;233.49811192186743;3.8845560175705436;1.1641556773213235;5.0;-9.311748447276955;3.6641556773213235;2.5
2021-07-01 14:00:00;256.81459916188885;437.66995068434574;180.85535152245689;246.1277347282845;4.086151140205071;1.1641556773213235;5.0;-9.34157464841877;3.6641556773213235;2.5
2021-07-01 15:00:00;224.1601004504692;382.01932611981374;157.85922566934454;213.58084441448165;3.5665887104291034;1.1641556773213235;5.0;-9.25804490850021;3.6641556773213235;2.5
2021-07-01 16:00:00;216.09821174872772;368.28005100839516;152.18183925966744;205.5497536476364;3.4386132992477085;1.1641556773213235;5.0;-9.232602876822057;3.6641556773213235;2.5
2021-07-01 17:00:00;221.1795113124447;376.93973054656067;155.76021923411597;210.61059546842313;3.51916485779546;1.1641556773213235;5.0;-9.249227274009286;3.6641556773213235;2.5
2021-07-01 18:00:00;239.305012786483;407.82966967837245;168.52465689188946;228.67465024102518;3.807557880453189;1.1641556773213235;5.0;-9.299545011513203;3.6641556773213235;2.5
2021-07-01 19:00:00;251.79929050159677;429.1227345168058;177.32344401520902;241.14582549262738;4.006353070828904;1.1641556773213235;5.019999999999982;-9.311156471054801;3.6641556773213235;2.5
2021-07-01 20:00:00;268.231025454396;457.12611380256226;188.89508834816624;257.66689693901463;4.267796745495559;1.1641556773213235;5.180000000000007;-9.194925713298517;3.6641556773213235;2.5
2021-07-01 21:00:00;270.7606767523502;461.43720967654065;190.67653292419047;260.3122254672293;4.308045771715995;1.1641556773213235;5.319999999999993;-9.066825160642054;3.6641556773213235;2.5
2021-07-01 22:00:00;235.6975100659221;401.6816720841771;165.98416201825495;225.47807718825536;3.7501592691475256;1.1641556773213235;5.4599999999999795;-8.855460389925724;3.6641556773213235;2.5
2021-07-01 23:00:00;160.6108604522939;273.71710020743046;113.10623975513654;150.77350950344535;2.5654008933140906;1.1641556773213235;5.519999999999982;-8.47331182008844;3.6641556773213235;2.5
2021-07-02 00:00:00;170.699214329935;290.9099286467906;120.21071431685564;160.85613072177262;2.7213864370643908;1.1641556773213235;5.600000000000023;-8.473370184277485;3.6641556773213235;2.5
2021-07-02 01:00:00;162.4041301158964;276.7732358313164;114.36910571542002;152.64927422011363;2.5900944211335823;1.1641556773213235;5.660000000000025;-8.372332178298109;3.6641556773213235;2.5
2021-07-02 02:00:00;156.3530518925959;266.4608349155508;110.10778302295486;146.68088462189732;2.4949202717546854;1.1641556773213235;5.720000000000027;-8.27805057638517;3.6641556773213235;2.5
2021-07-02 03:00:00;172.89679261051984;294.65509726581547;121.75830465529563;163.18846133216886;2.753252968877518;1.1641556773213235;5.779999999999973;-8.332177847253547;3.6641556773213235;2.5
2021-07-02 04:00:00;264.7153273901667;451.1345720311291;186.4192446409624;254.7064682157334;4.211858828801378;1.1641556773213235;5.800000000000011;-8.598487617753449;3.6641556773213235;2.5
2021-07-02 05:00:00;409.4304999376936;697.7618379219846;288.33133798429105;399.0204338985432;6.514407318022173;1.1641556773213235;5.759999999999991;-8.823807946903628;3.6641556773213235;2.5
2021-07-02 06:00:00;478.17446277119956;814.9170421875374;336.7425794163378;467.5124082551631;7.6081855651742165;1.1641556773213235;5.660000000000025;-8.970620823118963;3.6641556773213235;2.5
2021-07-02 07:00:00;456.53914983980803;778.0455933889687;321.5064435491607;445.7760350754681;7.263948287029561;1.1641556773213235;5.5;-9.11149598187012;3.6641556773213235;2.5
2021-07-02 08:00:00;397.32834349109265;677.1370360904535;279.8086925993609;386.5960738768006;6.321851129532103;1.1641556773213235;5.3799999999999955;-9.18008412257467;3.6641556773213235;2.5
2021-07-02 09:00:00;377.45728354552267;643.2722719578625;265.8149884123398;366.92130305577115;6.005684702394949;1.1641556773213235;5.5400000000000205;-9.006586999220985;3.6641556773213235;2.5
2021-07-02 10:00:00;361.083777764827;615.3681283034375;254.28435053861057;350.80727850808614;5.745167506202498;1.1641556773213235;5.779999999999973;-8.758399865930983;3.6641556773213235;2.5
2021-07-02 11:00:00;340.6246334906498;580.501135948854;239.87650245820413;330.3622634633407;5.419644128729512;1.1641556773213235;5.740000000000009;-8.77344034934356;3.6641556773213235;2.5
2021-07-02 12:00:00;332.51526011722444;566.6809362561148;234.16567613889035;322.2732727827233;5.290616708309057;1.1641556773213235;5.740000000000009;-8.763362433045813;3.6641556773213235;2.5
2021-07-02 13:00:00;321.4654651007625;547.8495954534121;226.38413035264963;311.16175257815803;5.114804536209425;1.1641556773213235;5.639999999999986;-8.844645706741574;3.6641556773213235;2.5
2021-07-02 14:00:00;314.7953507420859;536.4822174618647;221.68686671977883;304.32982274815413;5.008677020558247;1.1641556773213235;5.439999999999998;-9.026790593462408;3.6641556773213235;2.5
2021-07-02 15:00:00;283.209031934525;482.65201217010593;199.44298023558093;272.8836811391469;4.506110293309863;1.1641556773213235;5.5;-8.918711661273221;3.6641556773213235;2.5
2021-07-02 16:00:00;316.17270614329743;538.8295414554789;222.6568353121814;305.9007192329751;5.0305919831869135;1.1641556773213235;5.660000000000025;-8.818118047081043;3.6641556773213235;2.5
2021-07-02 17:00:00;331.52480230062264;564.9929729348639;233.46817063424123;321.2312137238996;5.27485763405923;1.1641556773213235;5.680000000000007;-8.819656222258402;3.6641556773213235;2.5
2021-07-02 18:00:00;358.7469163537828;611.3855898423623;252.63867348857946;348.4214706033115;5.707985940394314;1.1641556773213235;5.720000000000027;-8.813583976392465;3.6641556773213235;2.5
2021-07-02 19:00:00;389.033259277054;663.0003432749794;273.9670839979254;378.689674429117;6.189868882689799;1.1641556773213235;5.779999999999973;-8.786416495437663;3.6641556773213235;2.5
2021-07-02 20:00:00;402.91514461286096;686.6582041993828;283.74305958652184;392.5573341663762;6.410742157722531;1.1641556773213235;5.800000000000011;-8.779596191025064;3.6641556773213235;2.5
2021-07-02 21:00:00;391.95820501670573;667.9851099580478;276.026904941342;381.6629657542545;6.23640739883382;1.1641556773213235;5.839999999999975;-8.731231302237688;3.6641556773213235;2.5
2021-07-02 22:00:00;320.69166993154255;546.5308741086851;225.83920417714262;310.5695982404542;5.1024927594517475;1.1641556773213235;5.839999999999975;-8.651964207343383;3.6641556773213235;2.5
2021-07-02 23:00:00;226.83031590515475;386.5699749932919;159.7396590881372;217.00207293323078;3.609074238745501;1.1641556773213235;5.8799999999999955;-8.435903969921412;3.6641556773213235;2.5
2021-07-03 00:00:00;150.71357310719026;256.84989219676095;106.13631908957066;141.2653999247864;2.411874998882234;1.1641556773213235;5.920000000000016;-8.025423807327797;3.6641556773213235;2.5
2021-07-03 01:00:00;138.50915463927262;236.0508128359435;97.54165819667088;129.13896332646098;2.221278307007392;1.1641556773213235;5.920000000000016;-7.922197136481373;3.6641556773213235;2.5
2021-07-03 02:00:00;134.77086429774835;229.67992366235984;94.90905936461151;125.44215855735051;2.162897338325009;1.1641556773213235;5.939999999999998;-7.8688757518295915;3.6641556773213235;2.5
2021-07-03 03:00:00;149.8339753797728;255.35085945003536;105.51688407026256;140.44028976776357;2.3980402801076175;1.1641556773213235;5.980000000000018;-7.963954364652807;3.6641556773213235;2.5
2021-07-03 04:00:00;234.7976183625059;400.1480538290593;165.3504354665534;224.99725847953536;3.735841183174317;1.1641556773213235;5.939999999999998;-8.399682337069294;3.6641556773213235;2.5
2021-07-03 05:00:00;364.59325801454895;621.3490735177525;256.75581550320356;354.3994909066925;5.801006491878265;1.1641556773213235;5.8799999999999955;-8.665894972949616;3.6641556773213235;2.5
2021-07-03 06:00:00;432.44597645611356;736.9853964956303;304.53942003951676;422.01986448142236;6.880604239556304;1.1641556773213235;5.800000000000011;-8.803502340239788;3.6641556773213235;2.5
2021-07-03 07:00:00;384.4529254538969;655.194422252416;270.741496798519;374.0650908264554;6.116991653999952;1.1641556773213235;5.720000000000027;-8.839953961225774;3.6641556773213235;2.5
2021-07-03 08:00:00;360.9924048179337;615.2124082108446;254.220003392911;350.60676723329067;5.7437136804762705;1.1641556773213235;5.660000000000025;-8.873767935885326;3.6641556773213235;2.5
2021-07-03 09:00:00;336.0338193024625;572.6773540225065;236.64353472004402;325.6565130584375;5.346600148010539;1.1641556773213235;5.600000000000023;-8.902162658033262;3.6641556773213235;2.5
2021-07-03 10:00:00;333.133895544883;567.7352304356457;234.60133489076267;322.65576542257173;5.3004597540951925;1.1641556773213235;5.480000000000018;-9.013610904551115;3.6641556773213235;2.5
2021-07-03 11:00:00;301.8119702201257;514.3556112202143;212.54364100008857;291.4708536332929;4.802099764838912;1.1641556773213235;5.5400000000000205;-8.911557795981992;3.6641556773213235;2.5
2021-07-03 12:00:00;321.1906076522924;547.3811764215124;226.19056876921994;310.68999918978994;5.110431307116822;1.1641556773213235;5.420000000000016;-9.055061865695336;3.6641556773213235;2.5
2021-07-03 13:00:00;277.11451527998156;472.26558237856017;195.1510670985786;266.6474678578381;4.409141054574089;1.1641556773213235;5.319999999999993;-9.079061304977245;3.6641556773213235;2.5
2021-07-03 14:00:00;279.14858502463454;475.73209560536316;196.5835105807286;268.6049466547687;4.441504932770636;1.1641556773213235;5.240000000000009;-9.159074119102968;3.6641556773213235;2.5
2021-07-03 15:00:00;255.68806438867122;435.75008156379187;180.06201717512064;245.16224819551584;4.068226959246956;1.1641556773213235;5.180000000000007;-9.168256486378539;3.6641556773213235;2.5
2021-07-03 16:00:00;259.7836913069589;442.72995279073274;182.94626148377387;249.1225410184888;4.133392065345407;1.1641556773213235;5.0400000000000205;-9.31017288003892;3.6641556773213235;2.5
2021-07-03 17:00:00;270.66871318375024;461.2804830314617;190.61176984771143;260.04443118697424;4.306582548667466;1.1641556773213235;5.1200000000000045;-9.256907921563254;3.6641556773213235;2.5
2021-07-03 18:00:00;292.60368151122395;498.662612152931;206.05893064170704;281.9856383202303;4.655587613543738;1.1641556773213235;5.199999999999989;-9.221259627887832;3.6641556773213235;2.5
2021-07-03 19:00:00;311.66621351009985;531.1494624608744;219.4832489507745;300.9585422780991;4.958889634210021;1.1641556773213235;5.160000000000025;-9.290169506931363;3.6641556773213235;2.5
2021-07-03 20:00:00;334.93432214319046;570.8035630890994;235.86924094590896;324.1987407071911;5.32910615979619;1.1641556773213235;5.199999999999989;-9.284638519906537;3.6641556773213235;2.5
2021-07-03 21:00:00;338.5626627687878;576.9870731693426;238.4244104005548;327.78116680824104;5.3868363209035435;1.1641556773213235;5.160000000000025;-9.327749451658235;3.6641556773213235;2.5
2021-07-03 22:00:00;292.741118656133;498.896836019607;206.155717363474;282.12268129407477;4.657774362070532;1.1641556773213235;5.199999999999989;-9.221494420549732;3.6641556773213235;2.5
2021-07-03 23:00:00;219.00609041246375;373.23573154800164;154.2296411355379;208.68572711331947;3.484583777445723;1.1641556773213235;5.279999999999973;-8.979114160413587;3.6641556773213235;2.5
2021-07-04 00:00:00;122.53410917612862;208.82573535650093;86.2916261803723;112.84512924071821;1.983987658619277;1.1641556773213235;5.319999999999993;-8.22236645461544;3.6641556773213235;2.5
2021-07-04 01:00:00;123.3479969850357;210.21278359421578;86.86478660918007;113.68508126681057;1.996647467939603;1.1641556773213235;5.360000000000014;-8.196662819415906;3.6641556773213235;2.5
2021-07-04 02:00:00;113.38337056787631;193.23081462976103;79.84744406188473;103.77562711601148;1.8429758599003283;1.1641556773213235;5.319999999999993;-8.086840091766419;3.6641556773213235;2.5
2021-07-04 03:00:00;118.8496170682386;202.54653049657566;83.69691342833706;109.22394785082503;1.9269692390416886;1.1641556773213235;5.360000000000014;-8.135649718921854;3.6641556773213235;2.5
2021-07-04 04:00:00;217.13206923571784;370.0419771481951;152.90990791247728;206.9384666638348;3.454766415842764;1.1641556773213235;5.420000000000016;-8.841764056013574;3.6641556773213235;2.5
2021-07-04 05:00:00;314.3366699805902;535.7005220795975;221.3638520990072;303.8365408054951;5.001378997304538;1.1641556773213235;5.399999999999977;-9.064417426495027;3.6641556773213235;2.5
2021-07-04 06:00:00;329.6685565429746;561.8295118549286;232.16095531195398;319.07335098207744;5.245323095353612;1.1641556773213235;5.339999999999975;-9.143349088489629;3.6641556773213235;2.5
2021-07-04 07:00:00;322.25557839157796;549.196126554661;226.94054816308304;311.64430636843866;5.127375948951119;1.1641556773213235;5.300000000000011;-9.17153984115356;3.6641556773213235;2.5
2021-07-04 08:00:00;282.5070575619819;481.4556896478846;198.9486320859027;272.02440910165654;4.494941249991755;1.1641556773213235;5.319999999999993;-9.089024022926708;3.6641556773213235;2.5
2021-07-04 09:00:00;287.39038441542425;489.7779790741737;202.38759465874946;276.8582829324751;4.572639370173814;1.1641556773213235;5.279999999999973;-9.135884012943905;3.6641556773213235;2.5
2021-07-04 10:00:00;265.0194681543843;451.65289643211975;186.63342827773545;254.5001852973808;4.216697981772224;1.1641556773213235;5.220000000000027;-9.15031593811102;3.6641556773213235;2.5
2021-07-04 11:00:00;252.998125247149;431.16581908316937;178.16769383602036;242.4282341875799;4.025427609342066;1.1641556773213235;5.1200000000000045;-9.21909977810634;3.6641556773213235;2.5
2021-07-04 12:00:00;253.0751146344781;431.2970263488993;178.2219117144212;242.45254524125502;4.026652579705298;1.1641556773213235;5.060000000000002;-9.276175109062422;3.6641556773213235;2.5
2021-07-04 13:00:00;222.84028238197132;379.77005870730324;156.92977632533191;212.30007510131043;3.5455892184880073;1.1641556773213235;5.0400000000000205;-9.216484272151263;3.6641556773213235;2.5
2021-07-04 14:00:00;223.15923841519165;380.3136316653265;157.1543932501349;212.66966361146257;3.550664095707105;1.1641556773213235;5.100000000000023;-9.160891153974774;3.6641556773213235;2.5
2021-07-04 15:00:00;205.45167932951108;350.13596054747666;144.68428121796558;195.03033639123947;3.2695721284464696;1.1641556773213235;5.100000000000023;-9.10240709016881;3.6641556773213235;2.5
2021-07-04 16:00:00;208.42126998363142;355.19681222562537;146.77554224199395;197.9025866762455;3.3167117751299298;1.1641556773213235;5.0;-9.20674049752131;3.6641556773213235;2.5
2021-07-04 17:00:00;217.4620237528422;370.60429400132267;153.14227024848046;206.95773791915067;3.4600162888280375;1.1641556773213235;5.060000000000002;-9.181450840742286;3.6641556773213235;2.5
2021-07-04 18:00:00;237.01732813441993;403.93093949668753;166.9136113622676;226.39454168724754;3.7711587610886212;1.1641556773213235;5.0;-9.293607276010619;3.6641556773213235;2.5
2021-07-04 19:00:00;252.14024350262548;429.7037952650378;177.56355176241235;241.46822083560835;4.011777939580355;1.1641556773213235;5.0;-9.330911231418156;3.6641556773213235;2.5
2021-07-04 20:00:00;269.4188617160441;459.1504544738217;189.7315927577776;258.7455580584312;4.286696288242546;1.1641556773213235;5.060000000000002;-9.311460236401444;3.6641556773213235;2.5
2021-07-04 21:00:00;271.0686343016666;461.9620387394599;190.89340443779335;260.37269803265207;4.312945653168917;1.1641556773213235;5.0400000000000205;-9.333818850704574;3.6641556773213235;2.5
2021-07-04 22:00:00;233.38782844605063;397.7454541122835;164.35762566623285;222.8118148382959;3.7134101582506056;1.1641556773213235;5.0400000000000205;-9.246176275595758;3.6641556773213235;2.5
2021-07-04 23:00:00;173.11613665131173;295.02890894096794;121.91277228965622;162.76761881256738;2.7566499218603653;1.1641556773213235;5.019999999999982;-9.038439066945216;3.6641556773213235;2.5
2021-07-05 00:00:00;71.61669683757016;122.05099038515476;50.43429354758461;62.677923751225336;1.2975720626429526;1.1641556773213235;5.019999999999982;-6.4809529015804515;3.6641556773213235;2.5
2021-07-05 01:00:00;71.61025996027033;122.040020495672;50.42976053540166;62.65604206019746;1.297479531047036;1.1641556773213235;5.0;-6.49775768746764;3.6641556773213235;2.5
2021-07-05 02:00:00;66.47363187503028;113.28604868843186;46.81241681340159;57.63381216771212;1.2242144765409846;1.1641556773213235;5.0;-6.209094887670403;3.6641556773213235;2.5
2021-07-05 03:00:00;70.43231141440701;120.03253072032746;49.600219305920454;61.51917684574397;1.280678146367077;1.1641556773213235;5.019999999999982;-6.417239793667989;3.6641556773213235;2.5
2021-07-05 04:00:00;123.42712222365697;210.34763083186613;86.92050860820916;113.41792497458667;1.9837504619043522;1.1641556773213235;5.0;-8.612734247415688;3.6641556773213235;2.5
2021-07-05 05:00:00;181.03073717956337;308.5171718130588;127.48643463349539;170.64654247855466;2.8822872624900744;1.1641556773213235;5.019999999999982;-9.07648846952867;3.6641556773213235;2.5
2021-07-05 06:00:00;193.28655155838183;329.4038413882282;136.11728982984636;182.83264141453571;3.0768375648470534;1.1641556773213235;5.0;-9.148157116425182;3.6641556773213235;2.5
2021-07-05 07:00:00;185.6395413262199;316.3716126827128;130.73207135649292;175.21826127441122;2.95544798543524;1.1641556773213235;5.0;-9.115840929144554;3.6641556773213235;2.5
2021-07-05 08:00:00;166.23879314462388;283.308365781683;117.0695726370591;155.90807749329258;2.648378970389333;1.1641556773213235;5.0;-9.01648753700806;3.6641556773213235;2.5
2021-07-05 09:00:00;161.37895078327537;275.02609922220165;113.64714843892625;151.07465383290184;2.5716977098394818;1.1641556773213235;5.0;-8.986929932268595;3.6641556773213235;2.5
2021-07-05 10:00:00;154.71678277798267;263.6722636075479;108.95548082956525;144.4509895096635;2.466912058501929;1.1641556773213235;5.0;-8.941758735121596;3.6641556773213235;2.5
2021-07-05 11:00:00;151.6528291832781;258.45059621375566;106.79776703047754;141.40521375399751;2.418720783104175;1.1641556773213235;5.0;-8.919716683236516;3.6641556773213235;2.5
2021-07-05 12:00:00;152.49606010955188;259.8876517359968;107.39159162644495;142.24341079619816;2.4319835080560797;1.1641556773213235;5.0;-8.925866951322519;3.6641556773213235;2.5
2021-07-05 13:00:00;140.0728869209387;238.71576503427582;98.6428781133371;129.9069701298055;2.2379705185341052;1.1641556773213235;5.0;-8.82066060617575;3.6641556773213235;2.5
2021-07-05 14:00:00;143.54236378553068;244.62853546548183;101.08617167995116;133.34836419441362;2.291647582726696;1.1641556773213235;5.0;-8.854490874509793;3.6641556773213235;2.5
2021-07-05 15:00:00;128.84697291008823;219.58427777634756;90.73730486625932;118.76215955520034;2.0621493158465576;1.1641556773213235;5.0;-8.712248884553674;3.6641556773213235;2.5
2021-07-05 16:00:00;126.18854258527098;215.0537134199689;88.8651708346979;116.12550856805483;2.0207981361934877;1.1641556773213235;5.0;-8.682183349358695;3.6641556773213235;2.5
2021-07-05 17:00:00;135.43189838778318;230.80647471720798;95.3745763294248;125.29688534857623;2.164986252779708;1.1641556773213235;5.0;-8.779575603012631;3.6641556773213235;2.5
2021-07-05 18:00:00;142.1391245341743;242.23709955824074;100.09797502406644;131.95459467992902;2.2696538863055555;1.1641556773213235;5.0;-8.842533801142167;3.6641556773213235;2.5
2021-07-05 19:00:00;143.25914118433948;244.14586032824053;100.88671914390103;133.06704647768217;2.28720848803619;1.1641556773213235;5.0;-8.852095372790757;3.6641556773213235;2.5
2021-07-05 20:00:00;160.69020491219678;273.85232104754664;113.16211613534983;150.38970492151503;2.5608302994039396;1.1641556773213235;5.0;-8.982602677223554;3.6641556773213235;2.5
2021-07-05 21:00:00;158.7462679676573;270.53941442375395;111.79314645609666;148.45690511613392;2.530255162491919;1.1641556773213235;5.0;-8.969690762609389;3.6641556773213235;2.5
2021-07-05 22:00:00;136.20432366375917;232.12286145513886;95.91853779137969;126.07112776867079;2.178217085131322;1.1641556773213235;5.0;-8.78050672171969;3.6641556773213235;2.5
2021-07-05 23:00:00;101.99232081532433;173.81789885428515;71.82557803896083;92.35740668445807;1.660733997548799;1.1641556773213235;5.160000000000025;-8.081048094909363;3.6641556773213235;2.5
2021-07-06 00:00:00;50.50596208950658;86.07354102577881;35.567578936272234;42.52543552755147;1.0308801457940588;1.1641556773213235;5.199999999999989;-4.621804928871711;3.6641556773213235;2.5
2021-07-06 01:00:00;50.84614593833575;86.65329096533276;35.80714502699701;42.95861024030843;1.0350417550589686;1.1641556773213235;5.339999999999975;-4.541959334890862;3.6641556773213235;2.5
2021-07-06 02:00:00;46.74126082913023;79.6576416947149;32.91638086558466;39.07362615580334;0.9868549413150459;1.1641556773213235;5.399999999999977;-4.027164959434856;3.6641556773213235;2.5
2021-07-06 03:00:00;48.83225755326696;83.22117132317328;34.388913769906324;41.11712404548856;1.0107313230064048;1.1641556773213235;5.4599999999999795;-4.225849460252675;3.6641556773213235;2.5
2021-07-06 04:00:00;77.72066999584152;132.4535361900961;54.732866194254576;68.85681001147961;1.3092431000375062;1.1641556773213235;5.600000000000023;-6.922104239993416;3.6641556773213235;2.5
2021-07-06 05:00:00;128.10870168442062;218.3260972368295;90.21739555240887;118.13490414228023;2.0517875652007063;1.1641556773213235;5.1200000000000045;-8.588708740694074;3.6641556773213235;2.5
2021-07-06 06:00:00;136.39104445724854;232.44107576517;96.05003130792149;126.25646932181618;2.1811331081796044;1.1641556773213235;5.0;-8.782315261506994;3.6641556773213235;2.5
2021-07-06 07:00:00;123.89495774358976;211.14492798555438;87.2499702419646;113.86056498033062;1.986759788768885;1.1641556773213235;5.0;-8.645161575093539;3.6641556773213235;2.5
2021-07-06 08:00:00;111.34444161411832;189.75602021561008;78.41157860149177;101.42802455655199;1.7940985725378218;1.1641556773213235;5.0;-8.46053668732452;3.6641556773213235;2.5
2021-07-06 09:00:00;114.30177320660668;194.79597969013253;80.49420648352583;104.3555524110661;1.838816450775091;1.1641556773213235;5.0;-8.512256803771606;3.6641556773213235;2.5
2021-07-06 10:00:00;108.40525316023411;184.7469807378638;76.34172757762967;98.51980824833781;1.7487224831957542;1.1641556773213235;5.0;-8.413847781677646;3.6641556773213235;2.5
2021-07-06 11:00:00;105.23020390449508;179.3359813020268;74.10577739753171;95.37881682923894;1.7002103468068797;1.1641556773213235;5.0;-8.356725033963812;3.6641556773213235;2.5
2021-07-06 12:00:00;105.68378236960064;180.1089812214321;74.42519885183147;95.8274685506691;1.7071406520052903;1.1641556773213235;5.0;-8.365075639101349;3.6641556773213235;2.5
2021-07-06 13:00:00;97.06579153259453;165.4219827527316;68.35619122013705;87.31851051361103;1.5767868540458752;1.1641556773213235;5.0;-8.185118519674631;3.6641556773213235;2.5
2021-07-06 14:00:00;99.5604730906753;169.67348230946072;70.11300921878541;89.78075671832713;1.6145208481920217;1.1641556773213235;5.0;-8.24007099143904;3.6641556773213235;2.5
2021-07-06 15:00:00;90.26211455601083;153.82698396165227;63.56486940564144;80.61130355448799;1.474687498468358;1.1641556773213235;5.0;-8.015074402480366;3.6641556773213235;2.5
2021-07-06 16:00:00;88.90137916069408;151.50798420343637;62.606605042742295;79.27047134333793;1.4542240814356264;1.1641556773213235;5.0;-7.978688765613924;3.6641556773213235;2.5
2021-07-06 17:00:00;95.25147767217224;162.32998307511048;67.07850540293822;85.52827659627167;1.5493439492123144;1.1641556773213235;5.0;-8.14354723521376;3.6641556773213235;2.5
2021-07-06 18:00:00;100.24084078833364;170.83298218856862;70.59214140023496;90.45240791512741;1.6248119375046075;1.1641556773213235;5.0;-8.254634029779083;3.6641556773213235;2.5
2021-07-06 19:00:00;103.1891008115199;175.85748166470293;72.66838085318302;93.36256111650842;1.6692135349877026;1.1641556773213235;5.0;-8.31715850146162;3.6641556773213235;2.5
2021-07-06 20:00:00;112.25159854432948;191.30202005442067;79.05042151009117;102.32534766867646;1.8073445065262872;1.1641556773213235;5.0;-8.480096311675254;3.6641556773213235;2.5
2021-07-06 21:00:00;107.7294212472268;183.5952108579499;75.86578961072311;97.85035077769793;1.738249363698134;1.1641556773213235;5.0;-8.402969132433668;3.6641556773213235;2.5
2021-07-06 22:00:00;100.98470947110681;172.1007020563933;71.11599258528649;91.18868506610633;1.6362303649793712;1.1641556773213235;5.0;-8.26927561491624;3.6641556773213235;2.5
2021-07-06 23:00:00;76.26014733820152;129.96447644961103;53.70432911140951;66.91570540061453;1.2781806138807446;1.1641556773213235;5.0;-7.464835279653698;3.6641556773213235;2.5
2021-07-07 00:00:00;49.80850927578205;84.88492425872717;35.07641498294512;41.46493678998396;0.9545868206672677;1.1641556773213235;5.0;-5.342279805114174;3.6641556773213235;2.5
2021-07-07 01:00:00;41.50709106315173;70.73743688227268;29.230345819120945;33.56404378278633;0.8571373470327075;1.1641556773213235;5.0;-4.323405430374464;3.6641556773213235;2.5
2021-07-07 02:00:00;38.9812281192542;66.43279721732054;27.45156909806634;31.171643609354163;0.8279975021105308;1.1641556773213235;5.0;-3.9635776534001366;3.6641556773213235;2.5
2021-07-07 03:00:00;41.43169216930403;70.60894017585616;29.177248006552137;33.492506014837524;0.8562522473630021;1.1641556773213235;5.0;-4.31315067325977;3.6641556773213235;2.5
2021-07-07 04:00:00;70.96543888944308;120.94110007919173;49.97566118974864;61.74092373298826;1.2026608182765806;1.1641556773213235;5.0;-7.223080450472537;3.6641556773213235;2.5
2021-07-07 05:00:00;92.4541236360339;157.56266140788873;65.10853777185483;82.77068527925742;1.5071986354902205;1.1641556773213235;5.0;-8.07545372907066;3.6641556773213235;2.5
2021-07-07 06:00:00;63.395389947135286;108.04003075497707;44.644640807841775;54.40150018363978;1.1034197277729747;1.1641556773213235;5.0;-6.738722639212085;3.6641556773213235;2.5
2021-07-07 07:00:00;103.25878512440741;175.9762394373704;72.71745431296299;93.43256342989983;1.6702814345554358;1.1641556773213235;5.0;-8.318622823351575;3.6641556773213235;2.5
2021-07-07 08:00:00;92.86127766281139;158.25654362253772;65.39526595972632;83.17070729592986;1.513011066952997;1.1641556773213235;5.0;-8.08817218108885;3.6641556773213235;2.5
2021-07-07 09:00:00;95.0026062480857;161.9058500847658;66.90324383668009;85.28297951217;1.5454003232250004;1.1641556773213235;5.0;-8.139295370436571;3.6641556773213235;2.5
2021-07-07 10:00:00;90.10167814798598;153.55356416769445;63.451886019708475;80.45161473932409;1.4716977239504176;1.1641556773213235;5.0;-8.015679819826289;3.6641556773213235;2.5
2021-07-07 11:00:00;87.462716863317;149.0561794431177;61.59346257980071;77.85289594348102;1.4322488490738816;1.1641556773213235;5.0;-7.942167004046041;3.6641556773213235;2.5
