time_steps;Last_L;BHKW;Gaskessel;el_Leistungsbedarf_L;el_Leistung_L;el_Leistung_ges_L
2021-06-16 16:00:00;106.77620694618666;100.0;6.776206946186662;0.0;57.89473684210526;57.89473684210526
2021-06-16 17:00:00;116.09181096416556;100.0;16.09181096416556;0.0;57.89473684210526;57.89473684210526
2021-06-16 18:00:00;120.8857341385101;100.0;20.885734138510102;0.0;57.89473684210526;57.89473684210526
2021-06-16 19:00:00;119.97475124429342;100.0;19.974751244293415;0.0;57.89473684210526;57.89473684210526
2021-06-16 20:00:00;136.88828010537222;100.0;36.88828010537222;0.0;57.89473684210526;57.89473684210526
2021-06-16 21:00:00;135.99833116477578;100.0;35.99833116477578;0.0;57.89473684210526;57.89473684210526
2021-06-16 22:00:00;116.31838519900506;100.0;16.318385199005064;0.0;57.89473684210526;57.89473684210526
2021-06-16 23:00:00;84.39845792691301;84.39845792691301;0.0;0.0;48.862265115581216;48.862265115581216
2021-06-17 00:00:00;57.94329567330831;0.0;57.94329567330831;0.0;0.0;0.0
2021-06-17 01:00:00;57.81271338060908;0.0;57.81271338060908;0.0;0.0;0.0
2021-06-17 02:00:00;53.26657868860724;0.0;53.26657868860724;0.0;0.0;0.0
2021-06-17 03:00:00;57.063457056784905;0.0;57.063457056784905;0.0;0.0;0.0
2021-06-17 04:00:00;104.9067079553572;100.0;4.906707955357206;0.0;57.89473684210526;57.89473684210526
2021-06-17 05:00:00;158.34628324084812;100.0;58.34628324084812;0.0;57.89473684210526;57.89473684210526
2021-06-17 06:00:00;169.96941788417524;100.0;69.96941788417524;0.0;57.89473684210526;57.89473684210526
2021-06-17 07:00:00;162.27134630495706;100.0;62.27134630495706;0.0;57.89473684210526;57.89473684210526
2021-06-17 08:00:00;144.89783896940006;100.0;44.897838969400055;0.0;57.89473684210526;57.89473684210526
2021-06-17 09:00:00;140.3321771370294;100.0;40.33217713702939;0.0;57.89473684210526;57.89473684210526
2021-06-17 10:00:00;134.17101842938243;100.0;34.17101842938243;0.0;57.89473684210526;57.89473684210526
2021-06-17 11:00:00;130.85550213933328;100.0;30.855502139333282;0.0;57.89473684210526;57.89473684210526
2021-06-17 12:00:00;131.12382621544617;100.0;31.123826215446172;0.0;57.89473684210526;57.89473684210526
2021-06-17 13:00:00;119.73047542335225;100.0;19.730475423352246;0.0;57.89473684210526;57.89473684210526
2021-06-17 14:00:00;123.0131168769274;100.0;23.0131168769274;0.0;57.89473684210526;57.89473684210526
2021-06-17 15:00:00;109.9463036417708;100.0;9.946303641770797;0.0;57.89473684210526;57.89473684210526
2021-06-17 16:00:00;107.804334022379;100.0;7.804334022378995;0.0;57.89473684210526;57.89473684210526
2021-06-17 17:00:00;116.40282205570357;100.0;16.402822055703567;0.0;57.89473684210526;57.89473684210526
2021-06-17 18:00:00;122.53647137739698;100.0;22.53647137739698;0.0;57.89473684210526;57.89473684210526
2021-06-17 19:00:00;123.019075023255;100.0;23.019075023255;0.0;57.89473684210526;57.89473684210526
2021-06-17 20:00:00;137.58121590044604;100.0;37.58121590044604;0.0;57.89473684210526;57.89473684210526
2021-06-17 21:00:00;138.14212573488345;100.0;38.14212573488345;0.0;57.89473684210526;57.89473684210526
2021-06-17 22:00:00;126.53034606526896;100.0;26.530346065268958;0.0;57.89473684210526;57.89473684210526
2021-06-17 23:00:00;93.74132862960562;93.74132862960562;0.0;0.0;54.27129552240325;54.27129552240325
2021-06-18 00:00:00;85.0400224726089;85.0400224726089;0.0;0.0;49.23369722098409;49.23369722098409
2021-06-18 01:00:00;68.2544041090656;0.0;68.2544041090656;0.0;0.0;0.0
2021-06-18 02:00:00;63.27466439928119;0.0;63.27466439928119;0.0;0.0;0.0
2021-06-18 03:00:00;67.55396893954675;0.0;67.55396893954675;0.0;0.0;0.0
2021-06-18 04:00:00;123.253736572072;100.0;23.253736572072;0.0;57.89473684210526;57.89473684210526
2021-06-18 05:00:00;185.2628846320845;100.0;85.2628846320845;0.0;57.89473684210526;57.89473684210526
2021-06-18 06:00:00;200.3586807218029;100.0;100.3586807218029;0.0;57.89473684210526;57.89473684210526
2021-06-18 07:00:00;179.02881842033568;100.0;79.02881842033568;0.0;57.89473684210526;57.89473684210526
2021-06-18 08:00:00;156.53861439585083;100.0;56.53861439585083;0.0;57.89473684210526;57.89473684210526
2021-06-18 09:00:00;165.54419282392865;100.0;65.54419282392865;0.0;57.89473684210526;57.89473684210526
2021-06-18 10:00:00;158.09970607597165;100.0;58.09970607597165;0.0;57.89473684210526;57.89473684210526
2021-06-18 11:00:00;154.33269587865297;100.0;54.33269587865297;0.0;57.89473684210526;57.89473684210526
2021-06-18 12:00:00;156.18824556847653;100.0;56.18824556847653;0.0;57.89473684210526;57.89473684210526
2021-06-18 13:00:00;143.7046849120329;100.0;43.70468491203289;0.0;57.89473684210526;57.89473684210526
2021-06-18 14:00:00;152.4772496882676;100.0;52.47724968826759;0.0;57.89473684210526;57.89473684210526
2021-06-18 15:00:00;132.04805218251084;100.0;32.048052182510844;0.0;57.89473684210526;57.89473684210526
2021-06-18 16:00:00;127.60809153340271;100.0;27.608091533402714;0.0;57.89473684210526;57.89473684210526
2021-06-18 17:00:00;140.28104970520212;100.0;40.28104970520212;0.0;57.89473684210526;57.89473684210526
2021-06-18 18:00:00;144.35053568355272;100.0;44.35053568355272;0.0;57.89473684210526;57.89473684210526
2021-06-18 19:00:00;153.30032937426765;100.0;53.30032937426765;0.0;57.89473684210526;57.89473684210526
2021-06-18 20:00:00;162.57841896949586;100.0;62.57841896949586;0.0;57.89473684210526;57.89473684210526
2021-06-18 21:00:00;162.5283393496784;100.0;62.52833934967839;0.0;57.89473684210526;57.89473684210526
2021-06-18 22:00:00;139.25121429859294;100.0;39.25121429859294;0.0;57.89473684210526;57.89473684210526
2021-06-18 23:00:00;102.83045808397824;100.0;2.830458083978243;0.0;57.89473684210526;57.89473684210526
2021-06-19 00:00:00;113.65569375967286;100.0;13.655693759672857;0.0;57.89473684210526;57.89473684210526
2021-06-19 01:00:00;108.0571164802786;100.0;8.057116480278594;0.0;57.89473684210526;57.89473684210526
2021-06-19 02:00:00;104.01030867202688;100.0;4.010308672026881;0.0;57.89473684210526;57.89473684210526
2021-06-19 03:00:00;115.3180535561839;100.0;15.318053556183898;0.0;57.89473684210526;57.89473684210526
2021-06-19 04:00:00;181.1658562781299;100.0;81.1658562781299;0.0;57.89473684210526;57.89473684210526
2021-06-19 05:00:00;283.2179635128508;100.0;183.21796351285082;0.0;57.89473684210526;57.89473684210526
2021-06-19 06:00:00;323.90956599109614;100.0;223.90956599109614;0.0;57.89473684210526;57.89473684210526
2021-06-19 07:00:00;313.14004191917405;100.0;213.14004191917405;0.0;57.89473684210526;57.89473684210526
2021-06-19 08:00:00;276.9492443263663;100.0;176.94924432636628;0.0;57.89473684210526;57.89473684210526
2021-06-19 09:00:00;274.9470054135919;100.0;174.9470054135919;0.0;57.89473684210526;57.89473684210526
2021-06-19 10:00:00;255.04824175570752;100.0;155.04824175570752;0.0;57.89473684210526;57.89473684210526
2021-06-19 11:00:00;242.62534859717215;100.0;142.62534859717215;0.0;57.89473684210526;57.89473684210526
2021-06-19 12:00:00;258.7074725564171;100.0;158.7074725564171;0.0;57.89473684210526;57.89473684210526
2021-06-19 13:00:00;237.42075844345015;100.0;137.42075844345015;0.0;57.89473684210526;57.89473684210526
2021-06-19 14:00:00;215.6658596347335;100.0;115.6658596347335;0.0;57.89473684210526;57.89473684210526
2021-06-19 15:00:00;199.57804805705663;100.0;99.57804805705663;0.0;57.89473684210526;57.89473684210526
2021-06-19 16:00:00;205.1568075500027;100.0;105.1568075500027;0.0;57.89473684210526;57.89473684210526
2021-06-19 17:00:00;213.49164601070328;100.0;113.49164601070328;0.0;57.89473684210526;57.89473684210526
2021-06-19 18:00:00;225.4439520469114;100.0;125.44395204691139;0.0;57.89473684210526;57.89473684210526
2021-06-19 19:00:00;271.2422164653749;100.0;171.2422164653749;0.0;57.89473684210526;57.89473684210526
2021-06-19 20:00:00;279.20576270105386;100.0;179.20576270105386;0.0;57.89473684210526;57.89473684210526
2021-06-19 21:00:00;267.82871554974673;100.0;167.82871554974673;0.0;57.89473684210526;57.89473684210526
2021-06-19 22:00:00;218.5788129417808;100.0;118.5788129417808;0.0;57.89473684210526;57.89473684210526
2021-06-19 23:00:00;153.24419114226578;100.0;53.24419114226578;0.0;57.89473684210526;57.89473684210526
2021-06-20 00:00:00;105.10184182098806;100.0;5.1018418209880565;0.0;57.89473684210526;57.89473684210526
2021-06-20 01:00:00;101.82778259223328;100.0;1.8277825922332767;0.0;57.89473684210526;57.89473684210526
2021-06-20 02:00:00;97.23560445604366;97.23560445604366;0.0;0.0;56.29429731665685;56.29429731665685
2021-06-20 03:00:00;109.05217185150984;100.0;9.05217185150984;0.0;57.89473684210526;57.89473684210526
2021-06-20 04:00:00;168.02138685256207;100.0;68.02138685256207;0.0;57.89473684210526;57.89473684210526
2021-06-20 05:00:00;263.5163814978338;100.0;163.51638149783378;0.0;57.89473684210526;57.89473684210526
2021-06-20 06:00:00;304.567903862426;100.0;204.56790386242602;0.0;57.89473684210526;57.89473684210526
2021-06-20 07:00:00;294.5940483602933;100.0;194.5940483602933;0.0;57.89473684210526;57.89473684210526
2021-06-20 08:00:00;256.4103613555216;100.0;156.41036135552162;0.0;57.89473684210526;57.89473684210526
2021-06-20 09:00:00;260.1788808040986;100.0;160.17888080409858;0.0;57.89473684210526;57.89473684210526
2021-06-20 10:00:00;237.501587222192;100.0;137.501587222192;0.0;57.89473684210526;57.89473684210526
2021-06-20 11:00:00;226.89262313122555;100.0;126.89262313122555;0.0;57.89473684210526;57.89473684210526
2021-06-20 12:00:00;224.58466137790663;100.0;124.58466137790663;0.0;57.89473684210526;57.89473684210526
2021-06-20 13:00:00;201.3912355426517;100.0;101.39123554265171;0.0;57.89473684210526;57.89473684210526
2021-06-20 14:00:00;233.64084574578135;100.0;133.64084574578135;0.0;57.89473684210526;57.89473684210526
2021-06-20 15:00:00;200.7111478468224;100.0;100.7111478468224;0.0;57.89473684210526;57.89473684210526
2021-06-20 16:00:00;193.3986763259297;100.0;93.3986763259297;0.0;57.89473684210526;57.89473684210526
2021-06-20 17:00:00;211.9590919562957;100.0;111.95909195629571;0.0;57.89473684210526;57.89473684210526
2021-06-20 18:00:00;218.31306436596896;100.0;118.31306436596896;0.0;57.89473684210526;57.89473684210526
2021-06-20 19:00:00;229.67673282678368;100.0;129.67673282678368;0.0;57.89473684210526;57.89473684210526
2021-06-20 20:00:00;243.57507371146727;100.0;143.57507371146727;0.0;57.89473684210526;57.89473684210526
2021-06-20 21:00:00;245.23748337910172;100.0;145.23748337910172;0.0;57.89473684210526;57.89473684210526
2021-06-20 22:00:00;203.53928728285496;100.0;103.53928728285496;0.0;57.89473684210526;57.89473684210526
2021-06-20 23:00:00;142.33160559662826;100.0;42.331605596628265;0.0;57.89473684210526;57.89473684210526
2021-06-21 00:00:00;75.37553308953233;75.37553308953233;0.0;0.0;43.63846652551871;43.63846652551871
2021-06-21 01:00:00;70.38768499637847;70.38768499637847;0.0;0.0;40.750764997903325;40.750764997903325
2021-06-21 02:00:00;66.93968562460856;0.0;66.93968562460856;0.0;0.0;0.0
2021-06-21 03:00:00;77.58246287284157;77.58246287284157;0.0;0.0;44.91616271585564;44.91616271585564
2021-06-21 04:00:00;121.4454418332792;100.0;21.445441833279205;0.0;57.89473684210526;57.89473684210526
2021-06-21 05:00:00;208.5031888674688;100.0;108.5031888674688;0.0;57.89473684210526;57.89473684210526
2021-06-21 06:00:00;218.91895868216935;100.0;118.91895868216935;0.0;57.89473684210526;57.89473684210526
2021-06-21 07:00:00;210.85420715738655;100.0;110.85420715738655;0.0;57.89473684210526;57.89473684210526
2021-06-21 08:00:00;186.9261411733582;100.0;86.92614117335819;0.0;57.89473684210526;57.89473684210526
2021-06-21 09:00:00;183.97189772030023;100.0;83.97189772030023;0.0;57.89473684210526;57.89473684210526
2021-06-21 10:00:00;173.69416592914234;100.0;73.69416592914234;0.0;57.89473684210526;57.89473684210526
2021-06-21 11:00:00;170.1925907112151;100.0;70.1925907112151;0.0;57.89473684210526;57.89473684210526
2021-06-21 12:00:00;171.6388628952134;100.0;71.6388628952134;0.0;57.89473684210526;57.89473684210526
2021-06-21 13:00:00;157.34741325184527;100.0;57.34741325184527;0.0;57.89473684210526;57.89473684210526
2021-06-21 14:00:00;162.5433331734123;100.0;62.54333317341229;0.0;57.89473684210526;57.89473684210526
2021-06-21 15:00:00;143.38396321030694;100.0;43.383963210306945;0.0;57.89473684210526;57.89473684210526
2021-06-21 16:00:00;139.6902217810315;100.0;39.69022178103151;0.0;57.89473684210526;57.89473684210526
2021-06-21 17:00:00;151.24982685584382;100.0;51.24982685584382;0.0;57.89473684210526;57.89473684210526
2021-06-21 18:00:00;158.1832752913019;100.0;58.1832752913019;0.0;57.89473684210526;57.89473684210526
2021-06-21 19:00:00;157.06480571964423;100.0;57.06480571964423;0.0;57.89473684210526;57.89473684210526
2021-06-21 20:00:00;177.65276322059017;100.0;77.65276322059017;0.0;57.89473684210526;57.89473684210526
2021-06-21 21:00:00;178.2770309520082;100.0;78.2770309520082;0.0;57.89473684210526;57.89473684210526
2021-06-21 22:00:00;150.49742319040396;100.0;50.497423190403964;0.0;57.89473684210526;57.89473684210526
2021-06-21 23:00:00;109.10892677485312;100.0;9.108926774853117;0.0;57.89473684210526;57.89473684210526
2021-06-22 00:00:00;47.23453472071551;0.0;47.23453472071551;0.0;0.0;0.0
2021-06-22 01:00:00;47.25863772436084;0.0;47.25863772436084;0.0;0.0;0.0
2021-06-22 02:00:00;43.416385548555496;0.0;43.416385548555496;0.0;0.0;0.0
2021-06-22 03:00:00;46.276954189834;0.0;46.276954189834;0.0;0.0;0.0
2021-06-22 04:00:00;86.0502538507206;86.0502538507206;0.0;0.0;49.818568018838235;49.818568018838235
2021-06-22 05:00:00;128.37344868357658;100.0;28.373448683576584;0.0;57.89473684210526;57.89473684210526
2021-06-22 06:00:00;69.85775278703632;0.0;69.85775278703632;0.0;0.0;0.0
2021-06-22 07:00:00;126.48974272495336;100.0;26.48974272495336;0.0;57.89473684210526;57.89473684210526
2021-06-22 08:00:00;111.62715444210244;100.0;11.627154442102437;0.0;57.89473684210526;57.89473684210526
2021-06-22 09:00:00;115.55142345095882;100.0;15.551423450958822;0.0;57.89473684210526;57.89473684210526
2021-06-22 10:00:00;109.65035418813471;100.0;9.650354188134713;0.0;57.89473684210526;57.89473684210526
2021-06-22 11:00:00;105.89037625283272;100.0;5.8903762528327235;0.0;57.89473684210526;57.89473684210526
2021-06-22 12:00:00;106.3850476624848;100.0;6.385047662484794;0.0;57.89473684210526;57.89473684210526
2021-06-22 13:00:00;96.99456461896412;96.99456461896412;0.0;0.0;56.154747937295014;56.154747937295014
2021-06-22 14:00:00;99.71203977941272;99.71203977941272;0.0;0.0;57.72802303018631;57.72802303018631
2021-06-22 15:00:00;89.60064344998605;89.60064344998605;0.0;0.0;51.87405673420245;51.87405673420245
2021-06-22 16:00:00;88.12189463096112;88.12189463096112;0.0;0.0;51.017938996872225;51.017938996872225
2021-06-22 17:00:00;95.31503855994272;95.31503855994272;0.0;0.0;55.18239074522999;55.18239074522999
2021-06-22 18:00:00;100.0678342263042;100.0;0.06783422630419977;0.0;57.89473684210526;57.89473684210526
2021-06-22 19:00:00;100.6608510258516;100.0;0.6608510258515992;0.0;57.89473684210526;57.89473684210526
2021-06-22 20:00:00;113.0556140590032;100.0;13.055614059003204;0.0;57.89473684210526;57.89473684210526
2021-06-22 21:00:00;107.2001094708767;100.0;7.200109470876697;0.0;57.89473684210526;57.89473684210526
2021-06-22 22:00:00;103.39635964764268;100.0;3.396359647642683;0.0;57.89473684210526;57.89473684210526
2021-06-22 23:00:00;68.07331464043564;0.0;68.07331464043564;0.0;0.0;0.0
2021-06-23 00:00:00;62.29549785308986;0.0;62.29549785308986;0.0;0.0;0.0
2021-06-23 01:00:00;62.15701435673315;0.0;62.15701435673315;0.0;0.0;0.0
2021-06-23 02:00:00;57.389790986325806;0.0;57.389790986325806;0.0;0.0;0.0
2021-06-23 03:00:00;60.994267022712975;0.0;60.994267022712975;0.0;0.0;0.0
2021-06-23 04:00:00;115.66600467454704;100.0;15.66600467454704;0.0;57.89473684210526;57.89473684210526
2021-06-23 05:00:00;170.64316319778453;100.0;70.64316319778453;0.0;57.89473684210526;57.89473684210526
2021-06-23 06:00:00;183.0983728191277;100.0;83.09837281912769;0.0;57.89473684210526;57.89473684210526
2021-06-23 07:00:00;163.5200298832836;100.0;63.5200298832836;0.0;57.89473684210526;57.89473684210526
2021-06-23 08:00:00;144.36844329988233;100.0;44.36844329988233;0.0;57.89473684210526;57.89473684210526
2021-06-23 09:00:00;151.4190433095698;100.0;51.41904330956979;0.0;57.89473684210526;57.89473684210526
2021-06-23 10:00:00;144.06570881030146;100.0;44.06570881030146;0.0;57.89473684210526;57.89473684210526
2021-06-23 11:00:00;140.32890758887538;100.0;40.32890758887538;0.0;57.89473684210526;57.89473684210526
2021-06-23 12:00:00;140.6104307549234;100.0;40.610430754923414;0.0;57.89473684210526;57.89473684210526
2021-06-23 13:00:00;128.20437003008044;100.0;28.20437003008044;0.0;57.89473684210526;57.89473684210526
2021-06-23 14:00:00;132.89860282593787;100.0;32.89860282593787;0.0;57.89473684210526;57.89473684210526
2021-06-23 15:00:00;118.84261279346354;100.0;18.842612793463545;0.0;57.89473684210526;57.89473684210526
2021-06-23 16:00:00;116.180375447567;100.0;16.180375447567002;0.0;57.89473684210526;57.89473684210526
2021-06-23 17:00:00;126.06109235029405;100.0;26.061092350294047;0.0;57.89473684210526;57.89473684210526
2021-06-23 18:00:00;131.73499721817842;100.0;31.73499721817842;0.0;57.89473684210526;57.89473684210526
2021-06-23 19:00:00;130.39296260554588;100.0;30.392962605545875;0.0;57.89473684210526;57.89473684210526
2021-06-23 20:00:00;147.85416559579286;100.0;47.854165595792864;0.0;57.89473684210526;57.89473684210526
2021-06-23 21:00:00;148.41368002564946;100.0;48.413680025649455;0.0;57.89473684210526;57.89473684210526
2021-06-23 22:00:00;127.77099528191329;100.0;27.770995281913287;0.0;57.89473684210526;57.89473684210526
2021-06-23 23:00:00;94.01835334680834;94.01835334680834;0.0;0.0;54.431678253415356;54.431678253415356
2021-06-24 00:00:00;120.02069548879572;100.0;20.020695488795724;0.0;57.89473684210526;57.89473684210526
2021-06-24 01:00:00;113.03880414130148;100.0;13.038804141301483;0.0;57.89473684210526;57.89473684210526
2021-06-24 02:00:00;109.99302740600388;100.0;9.993027406003876;0.0;57.89473684210526;57.89473684210526
2021-06-24 03:00:00;122.3896974448709;100.0;22.389697444870905;0.0;57.89473684210526;57.89473684210526
2021-06-24 04:00:00;189.4462565943556;100.0;89.44625659435559;0.0;57.89473684210526;57.89473684210526
2021-06-24 05:00:00;323.0747752266319;100.0;223.0747752266319;0.0;57.89473684210526;57.89473684210526
2021-06-24 06:00:00;338.38375328723123;100.0;238.38375328723123;0.0;57.89473684210526;57.89473684210526
2021-06-24 07:00:00;328.20175166842904;100.0;228.20175166842904;0.0;57.89473684210526;57.89473684210526
2021-06-24 08:00:00;289.155514085754;100.0;189.15551408575402;0.0;57.89473684210526;57.89473684210526
2021-06-24 09:00:00;288.50544448064534;100.0;188.50544448064534;0.0;57.89473684210526;57.89473684210526
2021-06-24 10:00:00;266.7061473196911;100.0;166.70614731969113;0.0;57.89473684210526;57.89473684210526
2021-06-24 11:00:00;252.85956966185347;100.0;152.85956966185347;0.0;57.89473684210526;57.89473684210526
2021-06-24 12:00:00;253.68359741508107;100.0;153.68359741508107;0.0;57.89473684210526;57.89473684210526
2021-06-24 13:00:00;247.74141944532127;100.0;147.74141944532127;0.0;57.89473684210526;57.89473684210526
2021-06-24 14:00:00;262.73659349735726;100.0;162.73659349735726;0.0;57.89473684210526;57.89473684210526
2021-06-24 15:00:00;211.1083288292772;100.0;111.10832882927721;0.0;57.89473684210526;57.89473684210526
2021-06-24 16:00:00;210.05258288352152;100.0;110.05258288352152;0.0;57.89473684210526;57.89473684210526
2021-06-24 17:00:00;215.94422507061336;100.0;115.94422507061336;0.0;57.89473684210526;57.89473684210526
2021-06-24 18:00:00;234.53516187187145;100.0;134.53516187187145;0.0;57.89473684210526;57.89473684210526
2021-06-24 19:00:00;282.9341013889984;100.0;182.93410138899839;0.0;57.89473684210526;57.89473684210526
2021-06-24 20:00:00;292.9918246582088;100.0;192.99182465820883;0.0;57.89473684210526;57.89473684210526
2021-06-24 21:00:00;284.42866734967794;100.0;184.42866734967794;0.0;57.89473684210526;57.89473684210526
2021-06-24 22:00:00;230.93694248747383;100.0;130.93694248747383;0.0;57.89473684210526;57.89473684210526
2021-06-24 23:00:00;161.60089533984203;100.0;61.600895339842026;0.0;57.89473684210526;57.89473684210526
2021-06-25 00:00:00;112.8531281340484;100.0;12.853128134048404;0.0;57.89473684210526;57.89473684210526
2021-06-25 01:00:00;102.60911379709928;100.0;2.6091137970992833;0.0;57.89473684210526;57.89473684210526
2021-06-25 02:00:00;100.85919913387616;100.0;0.8591991338761602;0.0;57.89473684210526;57.89473684210526
2021-06-25 03:00:00;113.28648450228091;100.0;13.286484502280913;0.0;57.89473684210526;57.89473684210526
2021-06-25 04:00:00;181.00684404171665;100.0;81.00684404171665;0.0;57.89473684210526;57.89473684210526
2021-06-25 05:00:00;285.6388311771996;100.0;185.63883117719962;0.0;57.89473684210526;57.89473684210526
2021-06-25 06:00:00;334.37376847290926;100.0;234.37376847290926;0.0;57.89473684210526;57.89473684210526
2021-06-25 07:00:00;317.9505127045663;100.0;217.95051270456628;0.0;57.89473684210526;57.89473684210526
2021-06-25 08:00:00;276.1830617995356;100.0;176.1830617995356;0.0;57.89473684210526;57.89473684210526
2021-06-25 09:00:00;277.61666207863766;100.0;177.61666207863766;0.0;57.89473684210526;57.89473684210526
2021-06-25 10:00:00;255.9046495206227;100.0;155.9046495206227;0.0;57.89473684210526;57.89473684210526
2021-06-25 11:00:00;242.62534859717215;100.0;142.62534859717215;0.0;57.89473684210526;57.89473684210526
2021-06-25 12:00:00;241.80238627556568;100.0;141.80238627556568;0.0;57.89473684210526;57.89473684210526
2021-06-25 13:00:00;217.40531512309929;100.0;117.40531512309929;0.0;57.89473684210526;57.89473684210526
2021-06-25 14:00:00;214.9481341843649;100.0;114.9481341843649;0.0;57.89473684210526;57.89473684210526
2021-06-25 15:00:00;203.5896066123528;100.0;103.58960661235281;0.0;57.89473684210526;57.89473684210526
2021-06-25 16:00:00;207.0211263679408;100.0;107.02112636794081;0.0;57.89473684210526;57.89473684210526
2021-06-25 17:00:00;216.093328121085;100.0;116.093328121085;0.0;57.89473684210526;57.89473684210526
2021-06-25 18:00:00;232.9725671544333;100.0;132.9725671544333;0.0;57.89473684210526;57.89473684210526
2021-06-25 19:00:00;246.4622008930102;100.0;146.4622008930102;0.0;57.89473684210526;57.89473684210526
2021-06-25 20:00:00;262.2435834407723;100.0;162.24358344077228;0.0;57.89473684210526;57.89473684210526
2021-06-25 21:00:00;264.1950650518933;100.0;164.19506505189332;0.0;57.89473684210526;57.89473684210526
2021-06-25 22:00:00;227.82872264889997;100.0;127.82872264889997;0.0;57.89473684210526;57.89473684210526
2021-06-25 23:00:00;169.46708944009615;100.0;69.46708944009615;0.0;57.89473684210526;57.89473684210526
2021-06-26 00:00:00;92.29332163844684;92.29332163844684;0.0;0.0;53.43297568541659;53.43297568541659
2021-06-26 01:00:00;88.44515683164184;88.44515683164184;0.0;0.0;51.20509079726632;51.20509079726632
2021-06-26 02:00:00;85.34056470944581;85.34056470944581;0.0;0.0;49.407695358100206;49.407695358100206
2021-06-26 03:00:00;94.99332666684626;94.99332666684626;0.0;0.0;54.99613649133204;54.99613649133204
2021-06-26 04:00:00;146.33546361443382;100.0;46.33546361443382;0.0;57.89473684210526;57.89473684210526
2021-06-26 05:00:00;229.5411347088335;100.0;129.5411347088335;0.0;57.89473684210526;57.89473684210526
2021-06-26 06:00:00;262.59869863356886;100.0;162.59869863356886;0.0;57.89473684210526;57.89473684210526
2021-06-26 07:00:00;257.48541977321406;100.0;157.48541977321406;0.0;57.89473684210526;57.89473684210526
2021-06-26 08:00:00;223.75824035142097;100.0;123.75824035142097;0.0;57.89473684210526;57.89473684210526
2021-06-26 09:00:00;225.6899440517253;100.0;125.68994405172529;0.0;57.89473684210526;57.89473684210526
2021-06-26 10:00:00;207.7701611099293;100.0;107.77016110992929;0.0;57.89473684210526;57.89473684210526
2021-06-26 11:00:00;197.279394241666;100.0;97.27939424166601;0.0;57.89473684210526;57.89473684210526
2021-06-26 12:00:00;195.84565096243816;100.0;95.84565096243816;0.0;57.89473684210526;57.89473684210526
2021-06-26 13:00:00;192.77862946106228;100.0;92.77862946106228;0.0;57.89473684210526;57.89473684210526
2021-06-26 14:00:00;204.10367448769256;100.0;104.10367448769256;0.0;57.89473684210526;57.89473684210526
2021-06-26 15:00:00;176.0850738758942;100.0;76.08507387589421;0.0;57.89473684210526;57.89473684210526
2021-06-26 16:00:00;168.46581354972636;100.0;68.46581354972636;0.0;57.89473684210526;57.89473684210526
2021-06-26 17:00:00;183.59658484156557;100.0;83.59658484156557;0.0;57.89473684210526;57.89473684210526
2021-06-26 18:00:00;190.29244933443243;100.0;90.29244933443243;0.0;57.89473684210526;57.89473684210526
2021-06-26 19:00:00;190.02931906049284;100.0;90.02931906049284;0.0;57.89473684210526;57.89473684210526
2021-06-26 20:00:00;216.5224196267263;100.0;116.5224196267263;0.0;57.89473684210526;57.89473684210526
2021-06-26 21:00:00;214.2707194895885;100.0;114.27071948958849;0.0;57.89473684210526;57.89473684210526
2021-06-26 22:00:00;182.5098558777538;100.0;82.50985587775381;0.0;57.89473684210526;57.89473684210526
2021-06-26 23:00:00;133.55735450837872;100.0;33.55735450837872;0.0;57.89473684210526;57.89473684210526
2021-06-27 00:00:00;51.04000363188016;0.0;51.04000363188016;0.0;0.0;0.0
2021-06-27 01:00:00;51.55624491971046;0.0;51.55624491971046;0.0;0.0;0.0
2021-06-27 02:00:00;46.83651538177416;0.0;46.83651538177416;0.0;0.0;0.0
2021-06-27 03:00:00;49.27428432201668;0.0;49.27428432201668;0.0;0.0;0.0
2021-06-27 04:00:00;82.07204161772661;82.07204161772661;0.0;0.0;47.51539251552593;47.51539251552593
2021-06-27 05:00:00;140.61839683208376;100.0;40.61839683208376;0.0;57.89473684210526;57.89473684210526
2021-06-27 06:00:00;149.68139993702465;100.0;49.68139993702465;0.0;57.89473684210526;57.89473684210526
2021-06-27 07:00:00;134.14431014198863;100.0;34.144310141988626;0.0;57.89473684210526;57.89473684210526
2021-06-27 08:00:00;118.55960435179357;100.0;18.559604351793567;0.0;57.89473684210526;57.89473684210526
2021-06-27 09:00:00;123.68275712771596;100.0;23.68275712771596;0.0;57.89473684210526;57.89473684210526
2021-06-27 10:00:00;117.41039272270493;100.0;17.410392722704927;0.0;57.89473684210526;57.89473684210526
2021-06-27 11:00:00;113.69452034770084;100.0;13.694520347700845;0.0;57.89473684210526;57.89473684210526
2021-06-27 12:00:00;113.96895856849626;100.0;13.968958568496262;0.0;57.89473684210526;57.89473684210526
2021-06-27 13:00:00;103.94970359371852;100.0;3.9497035937185245;0.0;57.89473684210526;57.89473684210526
2021-06-27 14:00:00;106.84923301830727;100.0;6.849233018307274;0.0;57.89473684210526;57.89473684210526
2021-06-27 15:00:00;96.05100215624891;96.05100215624891;0.0;0.0;55.60847493256516;55.60847493256516
2021-06-27 16:00:00;94.47325170623073;94.47325170623073;0.0;0.0;54.695040461501996;54.695040461501996
2021-06-27 17:00:00;101.84189658170854;100.0;1.8418965817085393;0.0;57.89473684210526;57.89473684210526
2021-06-27 18:00:00;107.63820812160552;100.0;7.6382081216055155;0.0;57.89473684210526;57.89473684210526
2021-06-27 19:00:00;111.067019246574;100.0;11.067019246574006;0.0;57.89473684210526;57.89473684210526
2021-06-27 20:00:00;121.52769347710012;100.0;21.527693477100115;0.0;57.89473684210526;57.89473684210526
2021-06-27 21:00:00;115.11359758253916;100.0;15.113597582539157;0.0;57.89473684210526;57.89473684210526
2021-06-27 22:00:00;110.78167379193395;100.0;10.781673791933954;0.0;57.89473684210526;57.89473684210526
2021-06-27 23:00:00;73.54720786158539;73.54720786158539;0.0;0.0;42.579962446181014;42.579962446181014
2021-06-28 00:00:00;42.74707081818188;0.0;42.74707081818188;0.0;0.0;0.0
2021-06-28 01:00:00;42.75147028172909;0.0;42.75147028172909;0.0;0.0;0.0
2021-06-28 02:00:00;39.39981965763771;0.0;39.39981965763771;0.0;0.0;0.0
2021-06-28 03:00:00;41.53996386256882;0.0;41.53996386256882;0.0;0.0;0.0
2021-06-28 04:00:00;80.04902384666161;80.04902384666161;0.0;0.0;46.34417170069882;46.34417170069882
2021-06-28 05:00:00;117.88189875432724;100.0;17.88189875432724;0.0;57.89473684210526;57.89473684210526
2021-06-28 06:00:00;57.06262562056455;0.0;57.06262562056455;0.0;0.0;0.0
2021-06-28 07:00:00;115.7701222733024;100.0;15.770122273302405;0.0;57.89473684210526;57.89473684210526
2021-06-28 08:00:00;103.189131027686;100.0;3.1891310276860025;0.0;57.89473684210526;57.89473684210526
2021-06-28 09:00:00;105.67527846227912;100.0;5.675278462279124;0.0;57.89473684210526;57.89473684210526
2021-06-28 10:00:00;99.77052804725052;99.77052804725052;0.0;0.0;57.761884658934505;57.761884658934505
2021-06-28 11:00:00;96.59236540000872;96.59236540000872;0.0;0.0;55.92189575789978;55.92189575789978
2021-06-28 12:00:00;97.04632793373368;97.04632793373368;0.0;0.0;56.1847161721616;56.1847161721616
2021-06-28 13:00:00;88.43650433885523;88.43650433885523;0.0;0.0;51.20008145933724;51.20008145933724
2021-06-28 14:00:00;90.92795647928104;90.92795647928104;0.0;0.0;52.642501119583756;52.642501119583756
2021-06-28 15:00:00;81.64576238249767;81.64576238249767;0.0;0.0;47.268599274077594;47.268599274077594
2021-06-28 16:00:00;80.28902005580623;80.28902005580623;0.0;0.0;46.48311687441414;46.48311687441414
2021-06-28 17:00:00;86.62502532438272;86.62502532438272;0.0;0.0;50.15133045095841;50.15133045095841
2021-06-28 18:00:00;91.6075717543858;91.6075717543858;0.0;0.0;53.03596259464441;53.03596259464441
2021-06-28 19:00:00;94.55222861673435;94.55222861673435;0.0;0.0;54.7407639360041;54.7407639360041
2021-06-28 20:00:00;103.65723277328478;100.0;3.6572327732847754;0.0;57.89473684210526;57.89473684210526
2021-06-28 21:00:00;97.49934527934236;97.49934527934236;0.0;0.0;56.44698937225084;56.44698937225084
2021-06-28 22:00:00;86.53414239501693;86.53414239501693;0.0;0.0;50.0987140181677;50.0987140181677
2021-06-28 23:00:00;63.307801264190125;0.0;63.307801264190125;0.0;0.0;0.0
2021-06-29 00:00:00;36.58704998572737;0.0;36.58704998572737;0.0;0.0;0.0
2021-06-29 01:00:00;36.66053973427474;0.0;36.66053973427474;0.0;0.0;0.0
2021-06-29 02:00:00;33.82424798713301;0.0;33.82424798713301;0.0;0.0;0.0
2021-06-29 03:00:00;37.31036183327305;0.0;37.31036183327305;0.0;0.0;0.0
2021-06-29 04:00:00;59.633901772270335;0.0;59.633901772270335;0.0;0.0;0.0
2021-06-29 05:00:00;102.16171804013428;100.0;2.161718040134275;0.0;57.89473684210526;57.89473684210526
2021-06-29 06:00:00;54.30679531388108;0.0;54.30679531388108;0.0;0.0;0.0
2021-06-29 07:00:00;99.83254413188904;99.83254413188904;0.0;0.0;57.79778870793575;57.79778870793575
2021-06-29 08:00:00;89.15531681129627;89.15531681129627;0.0;0.0;51.616236048645206;51.616236048645206
2021-06-29 09:00:00;90.73050023619696;90.73050023619696;0.0;0.0;52.528184347271925;52.528184347271925
2021-06-29 10:00:00;85.61229095630677;85.61229095630677;0.0;0.0;49.565010553651284;49.565010553651284
2021-06-29 11:00:00;82.8577759503612;82.8577759503612;0.0;0.0;47.970291339682795;47.970291339682795
2021-06-29 12:00:00;83.25121172234161;83.25121172234161;0.0;0.0;48.19806994451356;48.19806994451356
2021-06-29 13:00:00;-3.748944835973214;0.0;0.0;0.0;0.0;0.0
2021-06-29 14:00:00;-3.748944835973214;0.0;0.0;0.0;0.0;0.0
2021-06-29 15:00:00;-3.748944835973214;0.0;0.0;0.0;0.0;0.0
2021-06-29 16:00:00;-3.748944835973214;0.0;0.0;0.0;0.0;0.0
2021-06-29 17:00:00;-3.748944835973214;0.0;0.0;0.0;0.0;0.0
2021-06-29 18:00:00;-3.748944835973214;0.0;0.0;0.0;0.0;0.0
2021-06-29 19:00:00;81.08855122835419;81.08855122835419;0.0;0.0;46.946003342731366;46.946003342731366
2021-06-29 20:00:00;89.15531681129627;89.15531681129627;0.0;0.0;51.616236048645206;51.616236048645206
2021-06-29 21:00:00;85.33285601156284;85.33285601156284;0.0;0.0;49.4032324277469;49.4032324277469
2021-06-29 22:00:00;80.66485031110123;80.66485031110123;0.0;0.0;46.700702811690185;46.700702811690185
2021-06-29 23:00:00;53.11226519057592;0.0;53.11226519057592;0.0;0.0;0.0
2021-06-30 00:00:00;100.46911831876083;100.0;0.46911831876083454;0.0;57.89473684210526;57.89473684210526
2021-06-30 01:00:00;100.0164866759358;100.0;0.016486675935794892;0.0;57.89473684210526;57.89473684210526
2021-06-30 02:00:00;92.8751007573413;92.8751007573413;0.0;0.0;53.76979517530285;53.76979517530285
2021-06-30 03:00:00;114.74141698621922;100.0;14.741416986219221;0.0;57.89473684210526;57.89473684210526
2021-06-30 04:00:00;174.3294059026855;100.0;74.3294059026855;0.0;57.89473684210526;57.89473684210526
2021-06-30 05:00:00;232.5604325988332;100.0;132.5604325988332;0.0;57.89473684210526;57.89473684210526
2021-06-30 06:00:00;288.40692281069715;100.0;188.40692281069715;0.0;57.89473684210526;57.89473684210526
2021-06-30 07:00:00;273.9924591629574;100.0;173.9924591629574;0.0;57.89473684210526;57.89473684210526
2021-06-30 08:00:00;246.29707076560075;100.0;146.29707076560075;0.0;57.89473684210526;57.89473684210526
2021-06-30 09:00:00;245.54379674647103;100.0;145.54379674647103;0.0;57.89473684210526;57.89473684210526
2021-06-30 10:00:00;227.88035246366945;100.0;127.88035246366945;0.0;57.89473684210526;57.89473684210526
2021-06-30 11:00:00;218.3717494121205;100.0;118.3717494121205;0.0;57.89473684210526;57.89473684210526
2021-06-30 12:00:00;220.39807874936744;100.0;120.39807874936744;0.0;57.89473684210526;57.89473684210526
2021-06-30 13:00:00;190.42417944009773;100.0;90.42417944009773;0.0;57.89473684210526;57.89473684210526
2021-06-30 14:00:00;191.89877323045343;100.0;91.89877323045343;0.0;57.89473684210526;57.89473684210526
2021-06-30 15:00:00;172.99897817503364;100.0;72.99897817503364;0.0;57.89473684210526;57.89473684210526
2021-06-30 16:00:00;173.79106593809072;100.0;73.79106593809072;0.0;57.89473684210526;57.89473684210526
2021-06-30 17:00:00;183.52892506197463;100.0;83.52892506197463;0.0;57.89473684210526;57.89473684210526
2021-06-30 18:00:00;199.4037572943936;100.0;99.40375729439361;0.0;57.89473684210526;57.89473684210526
2021-06-30 19:00:00;211.84027923692923;100.0;111.84027923692923;0.0;57.89473684210526;57.89473684210526
2021-06-30 20:00:00;230.5543673806584;100.0;130.5543673806584;0.0;57.89473684210526;57.89473684210526
2021-06-30 21:00:00;234.3856981389438;100.0;134.3856981389438;0.0;57.89473684210526;57.89473684210526
2021-06-30 22:00:00;193.9697697959568;100.0;93.96976979595681;0.0;57.89473684210526;57.89473684210526
2021-06-30 23:00:00;135.76452580455654;100.0;35.76452580455654;0.0;57.89473684210526;57.89473684210526
2021-07-01 00:00:00;111.69629356845998;100.0;11.696293568459978;0.0;57.89473684210526;57.89473684210526
2021-07-01 01:00:00;102.0199249327446;100.0;2.019924932744601;0.0;57.89473684210526;57.89473684210526
2021-07-01 02:00:00;95.1343394517199;95.1343394517199;0.0;0.0;55.07777547204835;55.07777547204835
2021-07-01 03:00:00;107.37947755937525;100.0;7.379477559375246;0.0;57.89473684210526;57.89473684210526
2021-07-01 04:00:00;178.15522242761895;100.0;78.15522242761895;0.0;57.89473684210526;57.89473684210526
2021-07-01 05:00:00;282.2043005679233;100.0;182.20430056792333;0.0;57.89473684210526;57.89473684210526
2021-07-01 06:00:00;336.752567544087;100.0;236.75256754408701;0.0;57.89473684210526;57.89473684210526
2021-07-01 07:00:00;312.3563523301606;100.0;212.35635233016058;0.0;57.89473684210526;57.89473684210526
2021-07-01 08:00:00;272.416927863771;100.0;172.41692786377098;0.0;57.89473684210526;57.89473684210526
2021-07-01 09:00:00;271.5658448014989;100.0;171.56584480149888;0.0;57.89473684210526;57.89473684210526
2021-07-01 10:00:00;250.80933859098585;100.0;150.80933859098585;0.0;57.89473684210526;57.89473684210526
2021-07-01 11:00:00;250.92994404981636;100.0;150.92994404981636;0.0;57.89473684210526;57.89473684210526
2021-07-01 12:00:00;254.8990164918651;100.0;154.8990164918651;0.0;57.89473684210526;57.89473684210526
2021-07-01 13:00:00;233.49811192186743;100.0;133.49811192186743;0.0;57.89473684210526;57.89473684210526
2021-07-01 14:00:00;246.1277347282845;100.0;146.1277347282845;0.0;57.89473684210526;57.89473684210526
2021-07-01 15:00:00;213.58084441448165;100.0;113.58084441448165;0.0;57.89473684210526;57.89473684210526
2021-07-01 16:00:00;205.5497536476364;100.0;105.54975364763641;0.0;57.89473684210526;57.89473684210526
2021-07-01 17:00:00;210.61059546842316;100.0;110.61059546842316;0.0;57.89473684210526;57.89473684210526
2021-07-01 18:00:00;228.6746502410252;100.0;128.6746502410252;0.0;57.89473684210526;57.89473684210526
2021-07-01 19:00:00;241.14582549262735;100.0;141.14582549262735;0.0;57.89473684210526;57.89473684210526
2021-07-01 20:00:00;257.66689693901463;100.0;157.66689693901463;0.0;57.89473684210526;57.89473684210526
2021-07-01 21:00:00;260.3122254672293;100.0;160.31222546722933;0.0;57.89473684210526;57.89473684210526
2021-07-01 22:00:00;225.47807718825536;100.0;125.47807718825536;0.0;57.89473684210526;57.89473684210526
2021-07-01 23:00:00;150.77350950344535;100.0;50.773509503445354;0.0;57.89473684210526;57.89473684210526
2021-07-02 00:00:00;160.85613072177262;100.0;60.856130721772615;0.0;57.89473684210526;57.89473684210526
2021-07-02 01:00:00;152.64927422011365;100.0;52.649274220113654;0.0;57.89473684210526;57.89473684210526
2021-07-02 02:00:00;146.68088462189732;100.0;46.68088462189732;0.0;57.89473684210526;57.89473684210526
2021-07-02 03:00:00;163.18846133216886;100.0;63.188461332168856;0.0;57.89473684210526;57.89473684210526
2021-07-02 04:00:00;254.7064682157334;100.0;154.7064682157334;0.0;57.89473684210526;57.89473684210526
2021-07-02 05:00:00;399.0204338985432;100.0;299.0204338985432;0.0;57.89473684210526;57.89473684210526
2021-07-02 06:00:00;467.5124082551631;100.0;367.5124082551631;0.0;57.89473684210526;57.89473684210526
2021-07-02 07:00:00;445.7760350754681;100.0;345.7760350754681;0.0;57.89473684210526;57.89473684210526
2021-07-02 08:00:00;386.5960738768006;100.0;286.5960738768006;0.0;57.89473684210526;57.89473684210526
2021-07-02 09:00:00;366.9213030557712;100.0;266.9213030557712;0.0;57.89473684210526;57.89473684210526
2021-07-02 10:00:00;350.80727850808614;100.0;250.80727850808614;0.0;57.89473684210526;57.89473684210526
2021-07-02 11:00:00;330.3622634633407;100.0;230.3622634633407;0.0;57.89473684210526;57.89473684210526
2021-07-02 12:00:00;322.2732727827233;100.0;222.27327278272332;0.0;57.89473684210526;57.89473684210526
2021-07-02 13:00:00;311.16175257815803;100.0;211.16175257815803;0.0;57.89473684210526;57.89473684210526
2021-07-02 14:00:00;304.32982274815413;100.0;204.32982274815413;0.0;57.89473684210526;57.89473684210526
2021-07-02 15:00:00;272.8836811391469;100.0;172.88368113914692;0.0;57.89473684210526;57.89473684210526
2021-07-02 16:00:00;305.9007192329751;100.0;205.90071923297512;0.0;57.89473684210526;57.89473684210526
2021-07-02 17:00:00;321.2312137238996;100.0;221.2312137238996;0.0;57.89473684210526;57.89473684210526
2021-07-02 18:00:00;348.4214706033115;100.0;248.4214706033115;0.0;57.89473684210526;57.89473684210526
2021-07-02 19:00:00;378.689674429117;100.0;278.689674429117;0.0;57.89473684210526;57.89473684210526
2021-07-02 20:00:00;392.5573341663762;100.0;292.5573341663762;0.0;57.89473684210526;57.89473684210526
2021-07-02 21:00:00;381.6629657542545;100.0;281.6629657542545;0.0;57.89473684210526;57.89473684210526
2021-07-02 22:00:00;310.5695982404542;100.0;210.56959824045418;0.0;57.89473684210526;57.89473684210526
2021-07-02 23:00:00;217.0020729332308;100.0;117.0020729332308;0.0;57.89473684210526;57.89473684210526
2021-07-03 00:00:00;141.2653999247864;100.0;41.26539992478641;0.0;57.89473684210526;57.89473684210526
2021-07-03 01:00:00;129.13896332646098;100.0;29.13896332646098;0.0;57.89473684210526;57.89473684210526
2021-07-03 02:00:00;125.44215855735052;100.0;25.442158557350524;0.0;57.89473684210526;57.89473684210526
2021-07-03 03:00:00;140.44028976776357;100.0;40.44028976776357;0.0;57.89473684210526;57.89473684210526
2021-07-03 04:00:00;224.99725847953536;100.0;124.99725847953536;0.0;57.89473684210526;57.89473684210526
2021-07-03 05:00:00;354.3994909066925;100.0;254.3994909066925;0.0;57.89473684210526;57.89473684210526
2021-07-03 06:00:00;422.0198644814224;100.0;322.0198644814224;0.0;57.89473684210526;57.89473684210526
2021-07-03 07:00:00;374.0650908264554;100.0;274.0650908264554;0.0;57.89473684210526;57.89473684210526
2021-07-03 08:00:00;350.60676723329067;100.0;250.60676723329067;0.0;57.89473684210526;57.89473684210526
2021-07-03 09:00:00;325.6565130584375;100.0;225.6565130584375;0.0;57.89473684210526;57.89473684210526
2021-07-03 10:00:00;322.65576542257173;100.0;222.65576542257173;0.0;57.89473684210526;57.89473684210526
2021-07-03 11:00:00;291.4708536332929;100.0;191.4708536332929;0.0;57.89473684210526;57.89473684210526
2021-07-03 12:00:00;310.68999918978994;100.0;210.68999918978994;0.0;57.89473684210526;57.89473684210526
2021-07-03 13:00:00;266.6474678578381;100.0;166.64746785783808;0.0;57.89473684210526;57.89473684210526
2021-07-03 14:00:00;268.6049466547687;100.0;168.6049466547687;0.0;57.89473684210526;57.89473684210526
2021-07-03 15:00:00;245.16224819551584;100.0;145.16224819551584;0.0;57.89473684210526;57.89473684210526
2021-07-03 16:00:00;249.1225410184888;100.0;149.1225410184888;0.0;57.89473684210526;57.89473684210526
2021-07-03 17:00:00;260.04443118697424;100.0;160.04443118697424;0.0;57.89473684210526;57.89473684210526
2021-07-03 18:00:00;281.9856383202303;100.0;181.9856383202303;0.0;57.89473684210526;57.89473684210526
2021-07-03 19:00:00;300.9585422780991;100.0;200.95854227809912;0.0;57.89473684210526;57.89473684210526
2021-07-03 20:00:00;324.1987407071911;100.0;224.19874070719112;0.0;57.89473684210526;57.89473684210526
2021-07-03 21:00:00;327.78116680824104;100.0;227.78116680824104;0.0;57.89473684210526;57.89473684210526
2021-07-03 22:00:00;282.1226812940748;100.0;182.12268129407482;0.0;57.89473684210526;57.89473684210526
2021-07-03 23:00:00;208.68572711331947;100.0;108.68572711331947;0.0;57.89473684210526;57.89473684210526
2021-07-04 00:00:00;112.8451292407182;100.0;12.845129240718194;0.0;57.89473684210526;57.89473684210526
2021-07-04 01:00:00;113.68508126681056;100.0;13.685081266810556;0.0;57.89473684210526;57.89473684210526
2021-07-04 02:00:00;103.77562711601148;100.0;3.775627116011478;0.0;57.89473684210526;57.89473684210526
2021-07-04 03:00:00;109.22394785082504;100.0;9.223947850825041;0.0;57.89473684210526;57.89473684210526
2021-07-04 04:00:00;206.9384666638348;100.0;106.93846666383479;0.0;57.89473684210526;57.89473684210526
2021-07-04 05:00:00;303.8365408054951;100.0;203.83654080549508;0.0;57.89473684210526;57.89473684210526
2021-07-04 06:00:00;319.07335098207744;100.0;219.07335098207744;0.0;57.89473684210526;57.89473684210526
2021-07-04 07:00:00;311.64430636843866;100.0;211.64430636843866;0.0;57.89473684210526;57.89473684210526
2021-07-04 08:00:00;272.02440910165654;100.0;172.02440910165654;0.0;57.89473684210526;57.89473684210526
2021-07-04 09:00:00;276.8582829324751;100.0;176.8582829324751;0.0;57.89473684210526;57.89473684210526
2021-07-04 10:00:00;254.5001852973808;100.0;154.5001852973808;0.0;57.89473684210526;57.89473684210526
2021-07-04 11:00:00;242.4282341875799;100.0;142.4282341875799;0.0;57.89473684210526;57.89473684210526
2021-07-04 12:00:00;242.45254524125505;100.0;142.45254524125505;0.0;57.89473684210526;57.89473684210526
2021-07-04 13:00:00;212.30007510131043;100.0;112.30007510131043;0.0;57.89473684210526;57.89473684210526
2021-07-04 14:00:00;212.66966361146257;100.0;112.66966361146257;0.0;57.89473684210526;57.89473684210526
2021-07-04 15:00:00;195.03033639123947;100.0;95.03033639123947;0.0;57.89473684210526;57.89473684210526
2021-07-04 16:00:00;197.9025866762455;100.0;97.9025866762455;0.0;57.89473684210526;57.89473684210526
2021-07-04 17:00:00;206.95773791915067;100.0;106.95773791915067;0.0;57.89473684210526;57.89473684210526
2021-07-04 18:00:00;226.39454168724757;100.0;126.39454168724757;0.0;57.89473684210526;57.89473684210526
2021-07-04 19:00:00;241.46822083560835;100.0;141.46822083560835;0.0;57.89473684210526;57.89473684210526
2021-07-04 20:00:00;258.7455580584312;100.0;158.7455580584312;0.0;57.89473684210526;57.89473684210526
2021-07-04 21:00:00;260.37269803265207;100.0;160.37269803265207;0.0;57.89473684210526;57.89473684210526
2021-07-04 22:00:00;222.8118148382959;100.0;122.8118148382959;0.0;57.89473684210526;57.89473684210526
2021-07-04 23:00:00;162.76761881256738;100.0;62.76761881256738;0.0;57.89473684210526;57.89473684210526
2021-07-05 00:00:00;62.677923751225336;0.0;62.677923751225336;0.0;0.0;0.0
2021-07-05 01:00:00;62.65604206019746;0.0;62.65604206019746;0.0;0.0;0.0
2021-07-05 02:00:00;57.63381216771212;0.0;57.63381216771212;0.0;0.0;0.0
2021-07-05 03:00:00;61.51917684574397;0.0;61.51917684574397;0.0;0.0;0.0
2021-07-05 04:00:00;113.41792497458668;100.0;13.417924974586683;0.0;57.89473684210526;57.89473684210526
2021-07-05 05:00:00;170.64654247855466;100.0;70.64654247855466;0.0;57.89473684210526;57.89473684210526
2021-07-05 06:00:00;182.8326414145357;100.0;82.83264141453569;0.0;57.89473684210526;57.89473684210526
2021-07-05 07:00:00;175.21826127441122;100.0;75.21826127441122;0.0;57.89473684210526;57.89473684210526
2021-07-05 08:00:00;155.90807749329258;100.0;55.90807749329258;0.0;57.89473684210526;57.89473684210526
2021-07-05 09:00:00;151.07465383290184;100.0;51.074653832901845;0.0;57.89473684210526;57.89473684210526
2021-07-05 10:00:00;144.4509895096635;100.0;44.450989509663486;0.0;57.89473684210526;57.89473684210526
2021-07-05 11:00:00;141.40521375399751;100.0;41.405213753997515;0.0;57.89473684210526;57.89473684210526
2021-07-05 12:00:00;142.24341079619816;100.0;42.24341079619816;0.0;57.89473684210526;57.89473684210526
2021-07-05 13:00:00;129.9069701298055;100.0;29.9069701298055;0.0;57.89473684210526;57.89473684210526
2021-07-05 14:00:00;133.34836419441362;100.0;33.34836419441362;0.0;57.89473684210526;57.89473684210526
2021-07-05 15:00:00;118.76215955520034;100.0;18.76215955520034;0.0;57.89473684210526;57.89473684210526
2021-07-05 16:00:00;116.12550856805484;100.0;16.12550856805484;0.0;57.89473684210526;57.89473684210526
2021-07-05 17:00:00;125.29688534857624;100.0;25.29688534857624;0.0;57.89473684210526;57.89473684210526
2021-07-05 18:00:00;131.95459467992902;100.0;31.954594679929016;0.0;57.89473684210526;57.89473684210526
2021-07-05 19:00:00;133.06704647768217;100.0;33.06704647768217;0.0;57.89473684210526;57.89473684210526
2021-07-05 20:00:00;150.38970492151503;100.0;50.38970492151503;0.0;57.89473684210526;57.89473684210526
2021-07-05 21:00:00;148.45690511613392;100.0;48.456905116133925;0.0;57.89473684210526;57.89473684210526
2021-07-05 22:00:00;126.0711277686708;100.0;26.071127768670806;0.0;57.89473684210526;57.89473684210526
2021-07-05 23:00:00;92.35740668445808;92.35740668445808;0.0;0.0;53.47007755415994;53.47007755415994
2021-07-06 00:00:00;42.52543552755147;0.0;42.52543552755147;0.0;0.0;0.0
2021-07-06 01:00:00;42.95861024030843;0.0;42.95861024030843;0.0;0.0;0.0
2021-07-06 02:00:00;39.07362615580334;0.0;39.07362615580334;0.0;0.0;0.0
2021-07-06 03:00:00;41.11712404548856;0.0;41.11712404548856;0.0;0.0;0.0
2021-07-06 04:00:00;68.85681001147961;0.0;68.85681001147961;0.0;0.0;0.0
2021-07-06 05:00:00;118.13490414228023;100.0;18.134904142280234;0.0;57.89473684210526;57.89473684210526
2021-07-06 06:00:00;126.25646932181618;100.0;26.256469321816184;0.0;57.89473684210526;57.89473684210526
2021-07-06 07:00:00;113.86056498033062;100.0;13.860564980330622;0.0;57.89473684210526;57.89473684210526
2021-07-06 08:00:00;101.428024556552;100.0;1.4280245565520033;0.0;57.89473684210526;57.89473684210526
2021-07-06 09:00:00;104.3555524110661;100.0;4.3555524110661;0.0;57.89473684210526;57.89473684210526
2021-07-06 10:00:00;98.5198082483378;98.5198082483378;0.0;0.0;57.037783722721876;57.037783722721876
2021-07-06 11:00:00;95.37881682923894;95.37881682923894;0.0;0.0;55.21931500640149;55.21931500640149
2021-07-06 12:00:00;95.8274685506691;95.8274685506691;0.0;0.0;55.47906073986105;55.47906073986105
2021-07-06 13:00:00;87.31851051361103;87.31851051361103;0.0;0.0;50.552821876301124;50.552821876301124
2021-07-06 14:00:00;89.78075671832713;89.78075671832713;0.0;0.0;51.97833283692623;51.97833283692623
2021-07-06 15:00:00;80.61130355448799;80.61130355448799;0.0;0.0;46.669702057861464;46.669702057861464
2021-07-06 16:00:00;79.27047134333793;79.27047134333793;0.0;0.0;45.89343077772196;45.89343077772196
2021-07-06 17:00:00;85.52827659627167;85.52827659627167;0.0;0.0;49.51637066099938;49.51637066099938
2021-07-06 18:00:00;90.4524079151274;90.4524079151274;0.0;0.0;52.36718352981059;52.36718352981059
2021-07-06 19:00:00;93.36256111650842;93.36256111650842;0.0;0.0;54.05200906745223;54.05200906745223
2021-07-06 20:00:00;102.32534766867646;100.0;2.325347668676457;0.0;57.89473684210526;57.89473684210526
2021-07-06 21:00:00;97.85035077769793;97.85035077769793;0.0;0.0;56.65020308182511;56.65020308182511
2021-07-06 22:00:00;91.18868506610632;91.18868506610632;0.0;0.0;52.79344924879839;52.79344924879839
2021-07-06 23:00:00;66.91570540061453;0.0;66.91570540061453;0.0;0.0;0.0
2021-07-07 00:00:00;41.46493678998396;0.0;41.46493678998396;0.0;0.0;0.0
2021-07-07 01:00:00;33.56404378278633;0.0;33.56404378278633;0.0;0.0;0.0
2021-07-07 02:00:00;31.171643609354163;0.0;31.171643609354163;0.0;0.0;0.0
2021-07-07 03:00:00;33.492506014837524;0.0;33.492506014837524;0.0;0.0;0.0
2021-07-07 04:00:00;61.74092373298826;0.0;61.74092373298826;0.0;0.0;0.0
2021-07-07 05:00:00;82.77068527925742;82.77068527925742;0.0;0.0;47.919870424833235;47.919870424833235
2021-07-07 06:00:00;54.40150018363978;0.0;54.40150018363978;0.0;0.0;0.0
2021-07-07 07:00:00;93.43256342989984;93.43256342989984;0.0;0.0;54.09253672257359;54.09253672257359
2021-07-07 08:00:00;83.17070729592986;83.17070729592986;0.0;0.0;48.15146211869622;48.15146211869622
2021-07-07 09:00:00;85.28297951217;85.28297951217;0.0;0.0;49.374356559677366;49.374356559677366
2021-07-07 10:00:00;80.45161473932409;80.45161473932409;0.0;0.0;46.577250638556045;46.577250638556045
2021-07-07 11:00:00;77.85289594348102;77.85289594348102;0.0;0.0;45.07272923043637;45.07272923043637
